customer_id,customer_name,city,account_type,income_segment,join_date,activity_level
CUST000001,Aarav Singh,Hyderabad,Current,Mid,2021-07-19,Medium
CUST000002,Arjun Reddy,Pune,Savings,Mid,2019-02-16,Low
CUST000003,Aditya Pillai,Patna,Salary,Low,2020-07-21,Medium
CUST000004,Aarav Iyer,Delhi,Savings,High,2021-09-11,High
CUST000005,Anika Bose,Pune,Savings,High,2022-10-09,Low
CUST000006,Reyansh Agarwal,Patna,Savings,Low,2020-07-26,Medium
CUST000007,Myra Pillai,Pune,Savings,Mid,2021-05-12,Medium
CUST000008,Amit Gupta,Mumbai,Savings,Low,2019-01-03,Medium
CUST000009,Ananya Singh,Indore,Salary,Mid,2022-01-18,Low
CUST000010,Amit Malhotra,Kolkata,Salary,Mid,2022-05-07,Low
CUST000011,Aadhya Reddy,Bengaluru,Savings,Mid,2020-11-27,Low
CUST000012,Isha Singh,Kanpur,Current,Premium,2018-05-25,High
CUST000013,Rahul Rao,Delhi,Savings,Low,2019-11-30,Medium
CUST000014,Sonal Bansal,Hyderabad,Savings,Mid,2022-06-24,Medium
CUST000015,Ishaan Bose,Patna,Current,Low,2017-12-15,Low
CUST000016,Riya Mehta,Kanpur,Savings,Mid,2018-12-21,Medium
CUST000017,Vivaan Patel,Bengaluru,Savings,Mid,2018-08-02,High
CUST000018,Aditya Patel,Surat,Current,High,2018-01-23,High
CUST000019,Aadhya Singh,Hyderabad,Current,Mid,2020-05-18,Low
CUST000020,Sai Chatterjee,Kanpur,Savings,Low,2020-12-05,Medium
CUST000021,Karan Singh,Kolkata,Savings,Mid,2018-12-26,High
CUST000022,Isha Gupta,Bengaluru,Savings,Mid,2019-12-05,Medium
CUST000023,Sai Rao,Pune,Salary,Low,2020-10-16,Low
CUST000024,Sonal Agarwal,Jaipur,Salary,Premium,2021-09-09,Low
CUST000025,Pooja Verma,Lucknow,Salary,Low,2021-08-20,Medium
CUST000026,Sneha Malhotra,Delhi,Salary,High,2020-09-02,Low
CUST000027,Aditya Mehta,Jaipur,Savings,Mid,2017-10-19,High
CUST000028,Priya Malhotra,Vadodara,Savings,Mid,2021-09-23,Low
CUST000029,Aadhya Rao,Chandigarh,Savings,Low,2022-02-13,Medium
CUST000030,Arjun Patel,Jaipur,Salary,Mid,2018-09-29,Medium
CUST000031,Kavya Singh,Patna,Salary,Low,2018-09-25,Medium
CUST000032,Saanvi Pillai,Vadodara,Salary,Mid,2020-09-06,Medium
CUST000033,Ayaan Nair,Kanpur,Savings,Mid,2020-01-24,Low
CUST000034,Aditya Verma,Chandigarh,Savings,Low,2018-02-03,Medium
CUST000035,Arjun Gupta,Hyderabad,Savings,Low,2018-06-24,High
CUST000036,Isha Iyer,Indore,Savings,Low,2020-10-05,Medium
CUST000037,Isha Rao,Nagpur,Savings,Low,2019-12-15,Low
CUST000038,Kavya Sharma,Jaipur,Current,Low,2019-02-08,High
CUST000039,Karan Agarwal,Hyderabad,Salary,Mid,2018-09-17,High
CUST000040,Amit Malhotra,Jaipur,Salary,Low,2022-04-18,Medium
CUST000041,Saanvi Gupta,Surat,Salary,High,2020-05-17,Medium
CUST000042,Rahul Singh,Mumbai,Savings,Low,2020-02-11,Medium
CUST000043,Anika Reddy,Chennai,Salary,High,2018-01-15,Low
CUST000044,Pooja Kulkarni,Surat,Savings,Mid,2019-07-04,Low
CUST000045,Arjun Chatterjee,Kolkata,Savings,Low,2018-08-24,High
CUST000046,Kavya Kulkarni,Chennai,Savings,Low,2017-10-08,Medium
CUST000047,Isha Malhotra,Mumbai,Current,Mid,2020-03-07,High
CUST000048,Vihaan Chatterjee,Mumbai,Savings,Low,2017-12-29,Medium
CUST000049,Ayaan Verma,Surat,Savings,Low,2021-07-27,Medium
CUST000050,Aditya Iyer,Vadodara,Savings,Mid,2018-10-26,Low
CUST000051,Pooja Iyer,Chandigarh,Savings,High,2018-08-28,Low
CUST000052,Amit Nair,Patna,Current,Mid,2022-03-15,Low
CUST000053,Kavya Gupta,Chandigarh,Salary,Mid,2021-06-08,Low
CUST000054,Neha Bose,Bhopal,Savings,High,2020-07-19,Medium
CUST000055,Sonal Agarwal,Kolkata,Savings,Mid,2018-09-08,Low
CUST000056,Nikhil Kapoor,Kolkata,Savings,High,2020-09-06,Low
CUST000057,Myra Kulkarni,Kanpur,Salary,Low,2020-05-22,Medium
CUST000058,Ayaan Patel,Hyderabad,Savings,Low,2022-07-24,Low
CUST000059,Aarav Pillai,Lucknow,Savings,Mid,2019-10-25,Medium
CUST000060,Riya Patel,Pune,Current,Mid,2022-11-18,Low
CUST000061,Nikhil Verma,Bengaluru,Savings,Low,2021-08-21,High
CUST000062,Priya Verma,Bengaluru,Savings,High,2018-02-06,Medium
CUST000063,Aditya Kulkarni,Lucknow,Salary,High,2021-08-02,Medium
CUST000064,Karan Desai,Jaipur,Savings,Low,2021-09-20,High
CUST000065,Arjun Pillai,Patna,Salary,High,2019-09-09,Medium
CUST000066,Ayaan Desai,Chandigarh,Salary,Low,2018-05-24,High
CUST000067,Reyansh Reddy,Indore,Salary,High,2022-05-18,Medium
CUST000068,Diya Joshi,Indore,Savings,Low,2020-08-13,High
CUST000069,Neha Verma,Coimbatore,Savings,Mid,2019-02-22,Low
CUST000070,Vivaan Bansal,Hyderabad,Savings,Mid,2018-11-02,Low
CUST000071,Sneha Reddy,Lucknow,Salary,Mid,2021-07-11,Medium
CUST000072,Reyansh Agarwal,Kolkata,Salary,Low,2020-05-28,Low
CUST000073,Saanvi Gupta,Ahmedabad,Salary,Low,2021-05-11,Medium
CUST000074,Ayaan Iyer,Coimbatore,Salary,High,2020-06-08,Medium
CUST000075,Vihaan Verma,Patna,Savings,Low,2019-04-07,Low
CUST000076,Pooja Sharma,Patna,Current,Low,2022-05-25,Medium
CUST000077,Sai Joshi,Pune,Salary,High,2020-03-13,Medium
CUST000078,Reyansh Bansal,Chandigarh,Salary,Mid,2017-11-10,Medium
CUST000079,Sai Bansal,Delhi,Salary,Low,2022-11-28,Low
CUST000080,Krishna Rao,Nagpur,Salary,Low,2021-04-27,Low
CUST000081,Nikhil Agarwal,Indore,Current,Premium,2019-03-18,High
CUST000082,Arjun Mehta,Chandigarh,Savings,Mid,2021-04-04,High
CUST000083,Vivaan Pillai,Kolkata,Current,Mid,2018-10-18,High
CUST000084,Vivaan Malhotra,Patna,Savings,High,2022-08-07,Medium
CUST000085,Riya Desai,Delhi,Savings,High,2020-02-07,Low
CUST000086,Sai Verma,Bhopal,Current,Mid,2017-07-14,Medium
CUST000087,Aditya Gupta,Bhopal,Savings,Mid,2022-07-15,Medium
CUST000088,Aditya Patel,Ludhiana,Savings,Premium,2020-08-28,Medium
CUST000089,Priya Pillai,Hyderabad,Salary,High,2021-07-16,Medium
CUST000090,Isha Verma,Vadodara,Savings,High,2019-06-13,Low
CUST000091,Saanvi Pillai,Bengaluru,Salary,High,2019-10-02,High
CUST000092,Ananya Singh,Bhopal,Savings,High,2021-10-10,Medium
CUST000093,Ayaan Singh,Lucknow,Salary,High,2020-09-13,Medium
CUST000094,Karan Kapoor,Ahmedabad,Salary,High,2020-05-10,Medium
CUST000095,Sonal Iyer,Lucknow,Savings,Mid,2022-11-13,Medium
CUST000096,Isha Pillai,Coimbatore,Savings,Low,2022-05-12,Medium
CUST000097,Kavya Mehta,Bengaluru,Salary,Low,2020-01-31,Low
CUST000098,Arjun Chatterjee,Jaipur,Salary,Low,2017-12-24,Medium
CUST000099,Priya Patel,Bengaluru,Savings,Low,2020-11-06,Medium
CUST000100,Sai Rao,Surat,Salary,Low,2018-03-31,Low
CUST000101,Nikhil Kapoor,Patna,Savings,Low,2019-06-29,Medium
CUST000102,Aarav Agarwal,Bhopal,Salary,Mid,2021-03-29,High
CUST000103,Priya Nair,Hyderabad,Savings,Mid,2021-06-09,Medium
CUST000104,Priya Reddy,Hyderabad,Savings,Low,2018-10-04,Low
CUST000105,Arjun Singh,Patna,Current,Low,2021-05-04,High
CUST000106,Reyansh Malhotra,Ludhiana,Savings,Mid,2021-10-12,Low
CUST000107,Anika Desai,Jaipur,Savings,Low,2021-07-06,Medium
CUST000108,Aditya Joshi,Delhi,Salary,High,2018-04-09,Low
CUST000109,Vivaan Sharma,Jaipur,Salary,Premium,2021-01-18,Medium
CUST000110,Rohan Singh,Ahmedabad,Savings,Mid,2022-01-06,Low
CUST000111,Kavya Joshi,Coimbatore,Salary,Mid,2019-10-11,Low
CUST000112,Vihaan Iyer,Mumbai,Savings,Low,2017-08-15,Low
CUST000113,Kavya Verma,Ahmedabad,Salary,High,2018-03-29,Medium
CUST000114,Riya Agarwal,Kanpur,Savings,Low,2022-02-02,Medium
CUST000115,Arjun Verma,Indore,Savings,Low,2021-03-11,Medium
CUST000116,Priya Verma,Kanpur,Salary,Mid,2017-11-18,Low
CUST000117,Reyansh Patel,Kanpur,Salary,Mid,2019-03-08,Medium
CUST000118,Diya Agarwal,Hyderabad,Salary,High,2017-12-18,Low
CUST000119,Isha Nair,Indore,Salary,Low,2017-09-24,Low
CUST000120,Neha Gupta,Pune,Current,Mid,2018-06-08,Medium
CUST000121,Priya Joshi,Chennai,Salary,Mid,2022-10-13,Medium
CUST000122,Rahul Malhotra,Chennai,Current,Mid,2018-07-14,Medium
CUST000123,Sneha Patel,Indore,Current,Premium,2021-06-04,Low
CUST000124,Sneha Reddy,Chennai,Savings,Low,2020-10-10,Low
CUST000125,Neha Desai,Delhi,Salary,Low,2021-09-03,Low
CUST000126,Pooja Rao,Kolkata,Salary,Low,2020-12-16,Low
CUST000127,Pooja Patel,Surat,Savings,High,2021-09-02,Low
CUST000128,Karan Mehta,Mumbai,Salary,Mid,2020-09-07,High
CUST000129,Krishna Iyer,Lucknow,Salary,High,2018-08-02,Low
CUST000130,Diya Kulkarni,Jaipur,Salary,Low,2020-09-05,High
CUST000131,Ananya Sharma,Patna,Savings,Premium,2022-04-10,Medium
CUST000132,Sai Pillai,Jaipur,Savings,High,2021-06-07,High
CUST000133,Vihaan Bose,Delhi,Savings,High,2020-06-26,Medium
CUST000134,Rahul Malhotra,Kanpur,Savings,High,2020-06-22,High
CUST000135,Anika Reddy,Ludhiana,Salary,Mid,2020-10-05,Medium
CUST000136,Reyansh Singh,Vadodara,Savings,High,2022-09-03,Low
CUST000137,Aarav Kulkarni,Indore,Savings,High,2017-09-24,Medium
CUST000138,Karan Mehta,Patna,Current,Premium,2020-11-17,Medium
CUST000139,Aditya Malhotra,Indore,Savings,Mid,2019-06-05,Low
CUST000140,Karan Reddy,Lucknow,Salary,Low,2018-11-19,Medium
CUST000141,Anika Kapoor,Surat,Salary,High,2019-03-08,Low
CUST000142,Ananya Bansal,Indore,Savings,Mid,2019-01-05,Medium
CUST000143,Kavya Nair,Surat,Salary,Mid,2021-11-05,Medium
CUST000144,Karan Bansal,Indore,Savings,Low,2019-02-14,Medium
CUST000145,Isha Pillai,Chennai,Savings,Mid,2021-03-26,Low
CUST000146,Kavya Sharma,Nagpur,Savings,High,2021-03-20,High
CUST000147,Reyansh Joshi,Surat,Savings,High,2018-07-07,Low
CUST000148,Isha Malhotra,Vadodara,Savings,Premium,2020-04-24,Medium
CUST000149,Myra Mehta,Coimbatore,Current,High,2020-01-21,High
CUST000150,Sneha Gupta,Chandigarh,Savings,High,2019-03-24,Low
CUST000151,Ishaan Kulkarni,Bengaluru,Salary,High,2019-03-14,Medium
CUST000152,Ananya Iyer,Ludhiana,Savings,High,2018-05-01,Medium
CUST000153,Karan Kapoor,Pune,Savings,Low,2021-08-29,Low
CUST000154,Arjun Sharma,Kolkata,Savings,Low,2022-08-30,Medium
CUST000155,Aarohi Bose,Pune,Salary,High,2018-02-26,High
CUST000156,Myra Joshi,Bengaluru,Savings,Mid,2017-12-14,High
CUST000157,Reyansh Bansal,Vadodara,Current,Low,2020-02-24,Low
CUST000158,Ayaan Nair,Nagpur,Savings,Premium,2019-03-30,High
CUST000159,Priya Reddy,Mumbai,Current,Mid,2018-07-22,Low
CUST000160,Ayaan Gupta,Indore,Current,Mid,2018-05-31,Medium
CUST000161,Myra Verma,Bhopal,Salary,Mid,2019-10-18,Medium
CUST000162,Sonal Reddy,Pune,Salary,Mid,2020-05-12,High
CUST000163,Sneha Rao,Ahmedabad,Savings,Low,2019-03-06,High
CUST000164,Kavya Bose,Bhopal,Savings,High,2021-02-21,Medium
CUST000165,Isha Kulkarni,Coimbatore,Savings,Low,2020-07-12,Medium
CUST000166,Myra Gupta,Patna,Salary,Mid,2018-10-01,Low
CUST000167,Myra Singh,Chandigarh,Current,Premium,2018-09-15,Medium
CUST000168,Pooja Singh,Pune,Savings,Mid,2018-08-17,High
CUST000169,Aarohi Patel,Bhopal,Savings,Mid,2021-05-19,High
CUST000170,Aditya Kapoor,Coimbatore,Current,High,2021-08-09,Medium
CUST000171,Ananya Malhotra,Jaipur,Savings,Mid,2017-11-30,High
CUST000172,Aditya Nair,Patna,Savings,High,2022-01-28,Low
CUST000173,Aadhya Nair,Pune,Salary,Mid,2018-12-17,High
CUST000174,Aditya Joshi,Kolkata,Salary,Low,2020-08-20,Medium
CUST000175,Kavya Rao,Lucknow,Salary,Premium,2020-08-03,High
CUST000176,Reyansh Joshi,Delhi,Savings,Mid,2020-09-26,Low
CUST000177,Nikhil Sharma,Vadodara,Salary,Low,2018-02-12,High
CUST000178,Aadhya Desai,Vadodara,Current,Premium,2022-11-20,Medium
CUST000179,Ishaan Bansal,Kanpur,Current,High,2018-02-19,High
CUST000180,Kavya Agarwal,Indore,Savings,Low,2018-06-08,Low
CUST000181,Priya Patel,Ludhiana,Salary,Premium,2020-03-08,Low
CUST000182,Krishna Joshi,Pune,Salary,Mid,2020-03-13,Medium
CUST000183,Aadhya Malhotra,Mumbai,Salary,Low,2019-03-04,Medium
CUST000184,Rahul Gupta,Nagpur,Savings,High,2018-03-17,High
CUST000185,Sonal Nair,Coimbatore,Salary,Mid,2019-06-07,High
CUST000186,Aarav Bansal,Patna,Savings,Mid,2019-08-08,Low
CUST000187,Karan Sharma,Vadodara,Salary,High,2022-06-14,Medium
CUST000188,Arjun Rao,Indore,Savings,Low,2021-11-25,Low
CUST000189,Krishna Bansal,Delhi,Salary,Mid,2021-01-31,Medium
CUST000190,Myra Malhotra,Kolkata,Current,Mid,2021-01-10,Medium
CUST000191,Krishna Joshi,Nagpur,Salary,Mid,2021-07-04,Medium
CUST000192,Aarohi Sharma,Bengaluru,Salary,Mid,2018-09-20,High
CUST000193,Vivaan Chatterjee,Patna,Current,Low,2021-08-30,Medium
CUST000194,Amit Verma,Bengaluru,Savings,Low,2018-09-10,High
CUST000195,Ayaan Mehta,Mumbai,Savings,Mid,2018-03-20,Medium
CUST000196,Isha Nair,Mumbai,Savings,Low,2021-08-01,Low
CUST000197,Aarohi Reddy,Ahmedabad,Savings,Low,2019-10-04,Low
CUST000198,Myra Singh,Kolkata,Savings,Mid,2018-08-15,Medium
CUST000199,Sai Bose,Kanpur,Savings,High,2019-07-08,Medium
CUST000200,Amit Gupta,Hyderabad,Savings,Low,2021-03-05,Low
CUST000201,Riya Sharma,Hyderabad,Savings,Low,2017-09-17,Low
CUST000202,Riya Bansal,Surat,Savings,Low,2020-09-11,Medium
CUST000203,Aditya Pillai,Kolkata,Savings,Low,2019-01-18,Medium
CUST000204,Vihaan Kapoor,Pune,Savings,Mid,2018-02-25,Medium
CUST000205,Sneha Reddy,Ludhiana,Savings,Mid,2018-06-16,High
CUST000206,Sneha Verma,Vadodara,Savings,Premium,2020-12-21,Low
CUST000207,Saanvi Chatterjee,Patna,Salary,High,2022-07-14,Low
CUST000208,Rohan Malhotra,Bhopal,Savings,Low,2022-11-07,Medium
CUST000209,Pooja Desai,Indore,Savings,Mid,2022-04-30,Medium
CUST000210,Diya Rao,Indore,Savings,High,2018-12-15,Low
CUST000211,Saanvi Gupta,Ahmedabad,Salary,High,2018-10-22,Medium
CUST000212,Rohan Singh,Bhopal,Savings,Mid,2019-06-20,Medium
CUST000213,Amit Desai,Patna,Savings,Mid,2020-04-24,Low
CUST000214,Pooja Pillai,Indore,Savings,Mid,2021-06-01,Medium
CUST000215,Neha Patel,Lucknow,Savings,Low,2018-04-06,Low
CUST000216,Krishna Rao,Bengaluru,Salary,High,2021-07-21,Medium
CUST000217,Riya Bose,Coimbatore,Savings,High,2019-03-05,Low
CUST000218,Ananya Sharma,Nagpur,Salary,Mid,2020-02-24,Medium
CUST000219,Sai Desai,Lucknow,Savings,Mid,2021-09-24,Low
CUST000220,Sneha Singh,Kanpur,Salary,Mid,2021-01-04,Medium
CUST000221,Priya Bose,Jaipur,Current,Mid,2018-12-27,Medium
CUST000222,Kavya Sharma,Jaipur,Savings,Low,2020-01-09,Low
CUST000223,Aditya Patel,Kolkata,Savings,Low,2018-11-19,Low
CUST000224,Aarohi Agarwal,Indore,Savings,Low,2018-09-02,High
CUST000225,Nikhil Desai,Pune,Savings,Low,2019-04-20,Medium
CUST000226,Myra Sharma,Chandigarh,Savings,Premium,2022-05-26,Medium
CUST000227,Ayaan Bansal,Surat,Salary,Premium,2019-01-16,High
CUST000228,Ishaan Pillai,Pune,Savings,Low,2020-11-07,Medium
CUST000229,Kavya Kulkarni,Chandigarh,Salary,Premium,2020-12-28,Medium
CUST000230,Rahul Agarwal,Indore,Salary,Low,2021-01-24,Low
CUST000231,Nikhil Rao,Kanpur,Savings,Low,2021-05-27,Medium
CUST000232,Krishna Patel,Surat,Savings,Low,2022-03-30,Medium
CUST000233,Ananya Reddy,Kolkata,Salary,Low,2018-10-03,Low
CUST000234,Amit Gupta,Patna,Savings,Mid,2021-11-05,Low
CUST000235,Rahul Desai,Kolkata,Savings,Low,2021-05-15,Low
CUST000236,Amit Kulkarni,Vadodara,Savings,Premium,2019-07-29,High
CUST000237,Vihaan Mehta,Surat,Salary,Low,2021-04-05,Medium
CUST000238,Diya Gupta,Pune,Savings,Mid,2021-03-23,Medium
CUST000239,Nikhil Agarwal,Mumbai,Current,Low,2022-03-18,High
CUST000240,Vivaan Verma,Jaipur,Savings,Premium,2019-10-26,Medium
CUST000241,Nikhil Nair,Surat,Savings,Premium,2019-05-06,Low
CUST000242,Vihaan Sharma,Chandigarh,Salary,High,2019-09-14,High
CUST000243,Aarohi Desai,Surat,Salary,Low,2020-06-13,Low
CUST000244,Sai Verma,Lucknow,Savings,Low,2021-07-03,High
CUST000245,Vihaan Iyer,Chandigarh,Savings,Mid,2020-09-03,Medium
CUST000246,Aditya Pillai,Chandigarh,Savings,High,2019-05-23,High
CUST000247,Arjun Nair,Delhi,Savings,Mid,2018-05-16,Medium
CUST000248,Ishaan Iyer,Vadodara,Salary,Low,2021-07-12,Medium
CUST000249,Kavya Joshi,Hyderabad,Salary,Low,2019-07-10,Medium
CUST000250,Sneha Bose,Ludhiana,Current,Mid,2021-08-27,Medium
CUST000251,Aadhya Rao,Bhopal,Current,Low,2017-10-29,Medium
CUST000252,Ishaan Pillai,Coimbatore,Savings,Low,2020-07-07,Medium
CUST000253,Riya Bose,Surat,Savings,Mid,2022-08-01,High
CUST000254,Rahul Reddy,Ludhiana,Savings,High,2017-08-10,Medium
CUST000255,Rohan Mehta,Kolkata,Salary,Low,2021-06-09,Low
CUST000256,Sai Patel,Bengaluru,Salary,Mid,2021-12-12,High
CUST000257,Aditya Gupta,Patna,Salary,Low,2022-11-27,Low
CUST000258,Myra Bose,Indore,Savings,High,2020-04-14,Medium
CUST000259,Vivaan Patel,Surat,Savings,High,2021-04-21,Low
CUST000260,Nikhil Rao,Surat,Salary,High,2022-07-10,Medium
CUST000261,Sonal Singh,Pune,Savings,Mid,2018-07-03,Low
CUST000262,Karan Mehta,Vadodara,Savings,Low,2020-07-15,High
CUST000263,Kavya Patel,Hyderabad,Savings,Mid,2019-04-16,Medium
CUST000264,Sonal Singh,Ahmedabad,Savings,Premium,2018-04-15,Medium
CUST000265,Aditya Verma,Ahmedabad,Salary,Mid,2021-12-28,Low
CUST000266,Isha Pillai,Surat,Current,High,2017-10-03,Medium
CUST000267,Myra Reddy,Surat,Current,Mid,2020-04-17,Medium
CUST000268,Nikhil Bansal,Surat,Salary,Low,2017-08-20,Medium
CUST000269,Anika Agarwal,Jaipur,Salary,Mid,2020-02-25,High
CUST000270,Aditya Bose,Coimbatore,Savings,Premium,2022-09-12,Low
CUST000271,Rahul Malhotra,Indore,Salary,Premium,2019-07-15,Low
CUST000272,Aarav Iyer,Jaipur,Salary,Premium,2021-08-21,Medium
CUST000273,Riya Sharma,Vadodara,Savings,Mid,2018-08-19,Low
CUST000274,Riya Verma,Jaipur,Salary,Low,2018-08-23,Low
CUST000275,Aarohi Kulkarni,Chennai,Savings,Low,2019-04-08,Medium
CUST000276,Sonal Singh,Coimbatore,Savings,High,2021-11-26,Medium
CUST000277,Saanvi Desai,Vadodara,Savings,High,2022-05-30,Low
CUST000278,Diya Joshi,Chandigarh,Savings,Mid,2021-01-19,Low
CUST000279,Karan Reddy,Lucknow,Savings,Mid,2018-02-10,High
CUST000280,Ananya Joshi,Chennai,Salary,Mid,2019-01-12,Medium
CUST000281,Ishaan Bansal,Chandigarh,Salary,Low,2018-05-11,Low
CUST000282,Vivaan Rao,Patna,Savings,Premium,2022-06-05,Medium
CUST000283,Krishna Malhotra,Lucknow,Current,Low,2022-04-09,Medium
CUST000284,Neha Kulkarni,Nagpur,Savings,Mid,2018-04-18,Medium
CUST000285,Karan Agarwal,Mumbai,Salary,Low,2020-04-30,Low
CUST000286,Vivaan Mehta,Indore,Savings,Low,2020-01-06,Medium
CUST000287,Isha Desai,Kanpur,Savings,Mid,2019-06-01,Medium
CUST000288,Amit Verma,Coimbatore,Savings,Mid,2021-10-12,Medium
CUST000289,Kavya Nair,Jaipur,Salary,Mid,2017-09-20,Low
CUST000290,Myra Desai,Surat,Salary,Low,2022-03-29,High
CUST000291,Rohan Bose,Mumbai,Savings,Mid,2018-06-10,Medium
CUST000292,Nikhil Gupta,Pune,Savings,Mid,2021-03-06,Low
CUST000293,Aarav Agarwal,Patna,Salary,High,2020-08-19,Low
CUST000294,Ayaan Reddy,Bengaluru,Savings,Low,2020-05-01,Medium
CUST000295,Rohan Nair,Hyderabad,Savings,Low,2020-02-16,Medium
CUST000296,Anika Singh,Surat,Salary,Low,2020-08-04,Low
CUST000297,Aarohi Patel,Chandigarh,Savings,Low,2020-05-11,Medium
CUST000298,Arjun Bansal,Patna,Salary,High,2021-11-07,Medium
CUST000299,Anika Nair,Ludhiana,Savings,Mid,2018-01-28,Low
CUST000300,Krishna Joshi,Bengaluru,Savings,High,2021-01-05,Low
CUST000301,Krishna Sharma,Bhopal,Savings,Low,2021-05-02,Low
CUST000302,Pooja Pillai,Surat,Savings,Mid,2019-09-02,High
CUST000303,Neha Nair,Chandigarh,Savings,High,2020-06-01,Low
CUST000304,Aarohi Chatterjee,Patna,Salary,Mid,2021-01-21,Low
CUST000305,Amit Agarwal,Patna,Savings,Mid,2020-10-21,Medium
CUST000306,Sonal Malhotra,Coimbatore,Savings,Mid,2018-01-17,High
CUST000307,Nikhil Patel,Kolkata,Savings,High,2019-09-18,High
CUST000308,Ayaan Joshi,Nagpur,Salary,Mid,2022-09-04,Medium
CUST000309,Rahul Desai,Lucknow,Savings,Mid,2018-12-19,Low
CUST000310,Aadhya Nair,Nagpur,Salary,Mid,2020-02-22,Low
CUST000311,Arjun Kulkarni,Delhi,Salary,Low,2019-08-12,High
CUST000312,Neha Reddy,Lucknow,Savings,Mid,2018-01-07,Low
CUST000313,Vihaan Kulkarni,Coimbatore,Current,Low,2017-10-25,Low
CUST000314,Aarav Nair,Coimbatore,Savings,Mid,2020-08-15,Medium
CUST000315,Aditya Desai,Ahmedabad,Salary,Mid,2018-07-16,Low
CUST000316,Ananya Bose,Jaipur,Savings,Low,2019-01-14,High
CUST000317,Rohan Iyer,Nagpur,Salary,High,2018-02-22,Medium
CUST000318,Neha Agarwal,Lucknow,Savings,Mid,2020-10-15,High
CUST000319,Rohan Desai,Lucknow,Savings,Mid,2018-01-11,Medium
CUST000320,Vivaan Bose,Patna,Savings,Low,2022-07-15,Medium
CUST000321,Rohan Kapoor,Pune,Salary,Low,2021-08-24,Low
CUST000322,Saanvi Reddy,Bengaluru,Savings,Mid,2018-08-28,Medium
CUST000323,Myra Gupta,Hyderabad,Savings,High,2019-01-11,Medium
CUST000324,Priya Sharma,Surat,Salary,Mid,2022-08-30,High
CUST000325,Sneha Verma,Lucknow,Savings,High,2021-04-11,Low
CUST000326,Diya Joshi,Kanpur,Salary,Low,2022-02-07,Low
CUST000327,Anika Joshi,Pune,Salary,Mid,2019-09-30,Medium
CUST000328,Sai Gupta,Chennai,Savings,High,2022-06-24,Low
CUST000329,Neha Bansal,Ludhiana,Savings,High,2019-06-12,Medium
CUST000330,Aarohi Pillai,Pune,Savings,Mid,2022-02-12,High
CUST000331,Myra Singh,Pune,Salary,High,2020-05-05,Low
CUST000332,Karan Sharma,Jaipur,Savings,Mid,2017-11-18,Low
CUST000333,Priya Kapoor,Coimbatore,Savings,High,2019-02-14,High
CUST000334,Sai Iyer,Patna,Savings,Mid,2020-06-11,Medium
CUST000335,Riya Kapoor,Kanpur,Salary,High,2019-05-04,High
CUST000336,Nikhil Singh,Indore,Salary,Mid,2020-05-11,High
CUST000337,Reyansh Bansal,Surat,Savings,Low,2018-02-19,Low
CUST000338,Vihaan Patel,Chandigarh,Current,Premium,2020-10-12,Low
CUST000339,Diya Pillai,Vadodara,Current,High,2021-04-06,Low
CUST000340,Aarav Bansal,Surat,Current,Mid,2021-05-19,Low
CUST000341,Riya Verma,Mumbai,Savings,Mid,2017-10-25,High
CUST000342,Rahul Desai,Ludhiana,Current,Premium,2018-04-02,Medium
CUST000343,Amit Patel,Surat,Salary,High,2019-07-08,Medium
CUST000344,Ayaan Mehta,Kanpur,Savings,High,2019-06-10,Medium
CUST000345,Karan Nair,Jaipur,Savings,Low,2019-05-26,Low
CUST000346,Priya Verma,Hyderabad,Savings,Mid,2021-03-10,Medium
CUST000347,Vivaan Pillai,Coimbatore,Savings,Low,2020-11-15,Medium
CUST000348,Aditya Kapoor,Ahmedabad,Savings,High,2021-02-01,Medium
CUST000349,Sai Mehta,Indore,Salary,High,2022-03-07,Low
CUST000350,Priya Chatterjee,Patna,Salary,Low,2019-12-11,Low
CUST000351,Sonal Singh,Bhopal,Savings,High,2018-04-07,High
CUST000352,Krishna Desai,Chennai,Current,High,2018-05-26,Medium
CUST000353,Rahul Malhotra,Surat,Savings,High,2018-05-30,Medium
CUST000354,Myra Iyer,Hyderabad,Salary,Mid,2022-02-17,High
CUST000355,Neha Bansal,Pune,Savings,High,2018-03-06,Medium
CUST000356,Diya Iyer,Patna,Savings,High,2018-06-27,Low
CUST000357,Aarav Singh,Nagpur,Savings,Mid,2019-11-30,Low
CUST000358,Myra Chatterjee,Hyderabad,Savings,Low,2019-02-24,Low
CUST000359,Riya Bansal,Jaipur,Savings,Premium,2018-04-23,Medium
CUST000360,Vihaan Patel,Kanpur,Savings,Mid,2020-04-11,High
CUST000361,Isha Agarwal,Mumbai,Savings,High,2021-01-30,Medium
CUST000362,Ayaan Iyer,Ludhiana,Current,High,2019-05-11,Medium
CUST000363,Sonal Kapoor,Coimbatore,Savings,Mid,2019-04-13,High
CUST000364,Vihaan Nair,Indore,Current,Low,2022-09-01,Medium
CUST000365,Ishaan Desai,Delhi,Savings,Mid,2022-04-09,Low
CUST000366,Ayaan Agarwal,Hyderabad,Savings,Low,2022-02-28,Low
CUST000367,Myra Chatterjee,Nagpur,Savings,High,2019-02-28,Low
CUST000368,Saanvi Pillai,Patna,Salary,Premium,2018-10-04,High
CUST000369,Priya Joshi,Ahmedabad,Savings,Premium,2019-04-01,Medium
CUST000370,Pooja Desai,Hyderabad,Salary,High,2019-06-21,Low
CUST000371,Krishna Verma,Indore,Savings,High,2019-01-19,Low
CUST000372,Reyansh Rao,Kanpur,Salary,Mid,2020-06-05,Medium
CUST000373,Neha Chatterjee,Pune,Salary,Low,2022-05-13,Low
CUST000374,Kavya Chatterjee,Kanpur,Salary,Low,2022-07-31,High
CUST000375,Krishna Mehta,Nagpur,Salary,High,2022-03-27,Medium
CUST000376,Aditya Mehta,Coimbatore,Savings,Mid,2019-04-28,Medium
CUST000377,Aarav Verma,Ludhiana,Savings,Mid,2018-07-05,Medium
CUST000378,Ayaan Nair,Lucknow,Savings,Mid,2018-07-05,Low
CUST000379,Reyansh Iyer,Vadodara,Savings,Mid,2018-04-08,High
CUST000380,Reyansh Pillai,Patna,Savings,Mid,2021-09-16,Medium
CUST000381,Ananya Nair,Pune,Savings,High,2018-07-01,Medium
CUST000382,Aarav Singh,Ludhiana,Savings,Mid,2018-02-08,High
CUST000383,Arjun Agarwal,Ahmedabad,Salary,High,2021-07-07,High
CUST000384,Vihaan Sharma,Chennai,Salary,High,2022-03-08,High
CUST000385,Diya Patel,Mumbai,Salary,Mid,2019-08-15,Medium
CUST000386,Aarav Gupta,Lucknow,Savings,High,2021-06-07,High
CUST000387,Arjun Joshi,Delhi,Savings,High,2019-12-21,High
CUST000388,Rahul Iyer,Hyderabad,Savings,Low,2020-04-01,Medium
CUST000389,Amit Chatterjee,Coimbatore,Salary,Low,2020-01-16,High
CUST000390,Vihaan Rao,Vadodara,Savings,Mid,2020-02-05,Low
CUST000391,Isha Verma,Pune,Current,Mid,2018-11-04,Medium
CUST000392,Ishaan Rao,Bhopal,Salary,Low,2019-04-25,Medium
CUST000393,Vivaan Desai,Mumbai,Savings,High,2018-03-03,Medium
CUST000394,Saanvi Reddy,Nagpur,Current,Mid,2020-03-03,Medium
CUST000395,Aditya Iyer,Coimbatore,Current,Mid,2021-02-11,Low
CUST000396,Arjun Iyer,Ludhiana,Salary,Premium,2022-03-19,Low
CUST000397,Isha Pillai,Jaipur,Salary,Low,2019-11-05,Low
CUST000398,Aadhya Bose,Lucknow,Savings,Mid,2019-12-12,Medium
CUST000399,Myra Kulkarni,Surat,Salary,Low,2019-07-12,High
CUST000400,Vihaan Reddy,Indore,Salary,Premium,2018-02-20,Low
CUST000401,Rahul Mehta,Patna,Savings,High,2020-07-05,Low
CUST000402,Priya Patel,Coimbatore,Savings,Low,2020-08-07,Medium
CUST000403,Pooja Rao,Lucknow,Savings,Mid,2020-09-07,Low
CUST000404,Rahul Reddy,Indore,Savings,Premium,2021-03-02,Medium
CUST000405,Ananya Singh,Indore,Salary,Low,2020-10-27,Medium
CUST000406,Karan Desai,Ahmedabad,Savings,Low,2022-07-18,Medium
CUST000407,Pooja Iyer,Bengaluru,Savings,Mid,2022-05-26,High
CUST000408,Vihaan Chatterjee,Indore,Savings,Low,2018-05-15,High
CUST000409,Kavya Verma,Ahmedabad,Salary,Mid,2019-08-19,Medium
CUST000410,Kavya Malhotra,Patna,Current,Low,2019-03-01,Medium
CUST000411,Saanvi Chatterjee,Hyderabad,Savings,High,2018-01-08,Low
CUST000412,Neha Verma,Indore,Salary,Low,2021-04-22,Medium
CUST000413,Ishaan Chatterjee,Ludhiana,Savings,High,2022-05-04,High
CUST000414,Anika Mehta,Vadodara,Salary,Low,2022-01-20,Medium
CUST000415,Ayaan Reddy,Chandigarh,Salary,High,2020-12-15,Medium
CUST000416,Diya Reddy,Patna,Savings,Mid,2018-08-24,Low
CUST000417,Riya Patel,Jaipur,Salary,Premium,2018-05-24,Medium
CUST000418,Neha Agarwal,Indore,Savings,Mid,2018-08-14,Low
CUST000419,Isha Agarwal,Ludhiana,Savings,Mid,2022-10-10,Low
CUST000420,Sonal Singh,Ludhiana,Savings,Mid,2022-10-04,Medium
CUST000421,Krishna Kapoor,Chennai,Salary,Low,2017-10-02,Medium
CUST000422,Diya Sharma,Lucknow,Savings,Mid,2021-11-26,Low
CUST000423,Riya Bansal,Ahmedabad,Savings,Mid,2022-07-13,Medium
CUST000424,Rahul Sharma,Ahmedabad,Salary,Low,2022-05-29,High
CUST000425,Reyansh Bansal,Bhopal,Savings,High,2020-07-26,Medium
CUST000426,Ananya Gupta,Coimbatore,Savings,Low,2020-11-05,High
CUST000427,Rahul Malhotra,Surat,Savings,Low,2018-07-26,Medium
CUST000428,Isha Iyer,Vadodara,Salary,High,2017-12-19,Low
CUST000429,Arjun Gupta,Delhi,Savings,Low,2018-09-09,Low
CUST000430,Vivaan Iyer,Ludhiana,Savings,Mid,2021-05-24,Low
CUST000431,Karan Joshi,Coimbatore,Savings,Mid,2020-03-13,Medium
CUST000432,Myra Joshi,Ludhiana,Salary,Mid,2021-05-22,Low
CUST000433,Amit Kulkarni,Kolkata,Savings,Low,2022-04-13,Medium
CUST000434,Saanvi Reddy,Kanpur,Savings,High,2021-05-01,High
CUST000435,Aarohi Kulkarni,Vadodara,Savings,Low,2019-03-07,Medium
CUST000436,Vivaan Patel,Surat,Salary,High,2020-09-14,High
CUST000437,Vivaan Sharma,Ludhiana,Salary,Low,2021-10-10,Low
CUST000438,Reyansh Nair,Surat,Savings,High,2018-08-20,High
CUST000439,Ishaan Malhotra,Jaipur,Salary,Mid,2022-04-01,Medium
CUST000440,Aarohi Joshi,Mumbai,Savings,High,2021-12-08,Low
CUST000441,Aadhya Agarwal,Ahmedabad,Savings,Low,2018-12-22,High
CUST000442,Anika Agarwal,Pune,Current,Low,2018-04-01,Medium
CUST000443,Aditya Bansal,Kanpur,Salary,Low,2018-02-02,Medium
CUST000444,Saanvi Sharma,Delhi,Salary,Mid,2020-05-05,Medium
CUST000445,Neha Malhotra,Bengaluru,Current,Low,2019-09-10,High
CUST000446,Riya Bansal,Indore,Savings,Mid,2018-12-10,Medium
CUST000447,Ishaan Reddy,Indore,Savings,Low,2020-08-25,Low
CUST000448,Ananya Gupta,Mumbai,Salary,Mid,2018-06-05,Medium
CUST000449,Myra Chatterjee,Ludhiana,Savings,High,2022-06-05,Medium
CUST000450,Neha Reddy,Indore,Current,Mid,2021-07-22,Low
CUST000451,Riya Bansal,Indore,Salary,High,2019-12-25,Medium
CUST000452,Aadhya Kapoor,Bengaluru,Savings,High,2018-09-27,High
CUST000453,Ayaan Malhotra,Lucknow,Savings,High,2018-07-21,Low
CUST000454,Aditya Kulkarni,Chennai,Current,Mid,2019-05-16,Low
CUST000455,Anika Kulkarni,Hyderabad,Salary,Mid,2021-10-31,Medium
CUST000456,Diya Nair,Kanpur,Salary,Low,2021-08-06,High
CUST000457,Arjun Singh,Hyderabad,Savings,Low,2021-10-24,High
CUST000458,Isha Nair,Chennai,Salary,Low,2018-08-29,Medium
CUST000459,Sai Desai,Bengaluru,Salary,Low,2020-04-26,Medium
CUST000460,Amit Pillai,Vadodara,Savings,Mid,2020-05-27,Medium
CUST000461,Rohan Bose,Vadodara,Savings,Low,2021-02-09,High
CUST000462,Arjun Rao,Lucknow,Salary,Low,2022-07-16,Medium
CUST000463,Myra Kapoor,Chandigarh,Savings,High,2018-06-16,High
CUST000464,Riya Verma,Jaipur,Savings,Mid,2020-12-12,Low
CUST000465,Aditya Kapoor,Bhopal,Savings,Low,2020-05-01,Medium
CUST000466,Vivaan Verma,Coimbatore,Savings,High,2020-11-07,Low
CUST000467,Aditya Iyer,Surat,Salary,Mid,2019-06-22,Low
CUST000468,Anika Bansal,Ludhiana,Savings,Low,2020-04-29,Medium
CUST000469,Kavya Verma,Vadodara,Savings,Mid,2020-05-25,High
CUST000470,Rohan Mehta,Vadodara,Salary,High,2021-02-12,High
CUST000471,Aarohi Kulkarni,Ludhiana,Savings,Low,2022-01-28,Low
CUST000472,Myra Reddy,Delhi,Savings,Low,2018-05-17,High
CUST000473,Nikhil Iyer,Lucknow,Savings,Low,2020-02-03,Medium
CUST000474,Vivaan Patel,Chennai,Savings,Premium,2018-12-14,Medium
CUST000475,Myra Kulkarni,Coimbatore,Savings,Low,2019-12-28,High
CUST000476,Sai Chatterjee,Ludhiana,Savings,Premium,2020-10-30,High
CUST000477,Aadhya Joshi,Surat,Salary,Mid,2018-07-30,Medium
CUST000478,Karan Bose,Lucknow,Savings,Mid,2022-08-17,Medium
CUST000479,Aditya Malhotra,Lucknow,Savings,Low,2022-05-23,Medium
CUST000480,Karan Bansal,Patna,Savings,High,2021-04-30,Medium
CUST000481,Rahul Bose,Jaipur,Savings,Premium,2018-01-09,Medium
CUST000482,Ananya Iyer,Ahmedabad,Salary,Mid,2019-08-27,Low
CUST000483,Sonal Chatterjee,Ahmedabad,Salary,Mid,2021-03-07,High
CUST000484,Arjun Bose,Nagpur,Savings,Mid,2018-12-12,Medium
CUST000485,Ishaan Agarwal,Bengaluru,Salary,High,2020-10-22,Low
CUST000486,Pooja Nair,Lucknow,Salary,Premium,2019-03-01,Medium
CUST000487,Aditya Joshi,Bhopal,Salary,Low,2020-01-26,Medium
CUST000488,Aarav Chatterjee,Kanpur,Savings,Mid,2021-03-10,Medium
CUST000489,Reyansh Malhotra,Chennai,Savings,Premium,2017-08-10,High
CUST000490,Reyansh Patel,Chandigarh,Salary,Mid,2022-02-24,Medium
CUST000491,Aditya Kapoor,Ahmedabad,Salary,Mid,2018-03-09,High
CUST000492,Anika Agarwal,Hyderabad,Savings,Mid,2018-03-28,Medium
CUST000493,Vivaan Malhotra,Bhopal,Salary,High,2018-01-03,Medium
CUST000494,Arjun Bose,Ludhiana,Salary,Mid,2020-10-22,Low
CUST000495,Sai Gupta,Ahmedabad,Savings,Mid,2018-04-05,Medium
CUST000496,Sneha Gupta,Ludhiana,Savings,Mid,2018-11-17,Medium
CUST000497,Vivaan Joshi,Coimbatore,Savings,Mid,2020-11-16,Low
CUST000498,Myra Bose,Pune,Savings,Mid,2021-04-28,Low
CUST000499,Ayaan Agarwal,Coimbatore,Salary,Mid,2021-07-31,Medium
CUST000500,Sneha Desai,Surat,Savings,Mid,2017-11-07,High
CUST000501,Diya Pillai,Kolkata,Savings,Mid,2020-06-13,Low
CUST000502,Amit Kapoor,Coimbatore,Savings,Low,2018-07-23,Medium
CUST000503,Anika Kulkarni,Nagpur,Savings,Mid,2020-07-28,Medium
CUST000504,Pooja Mehta,Chennai,Salary,High,2018-06-06,Medium
CUST000505,Arjun Singh,Ludhiana,Savings,Premium,2022-08-18,Low
CUST000506,Neha Chatterjee,Chandigarh,Salary,Low,2019-10-24,High
CUST000507,Nikhil Kulkarni,Hyderabad,Current,Low,2018-02-23,Low
CUST000508,Ishaan Iyer,Hyderabad,Savings,Premium,2018-08-23,Low
CUST000509,Krishna Rao,Chennai,Savings,Mid,2017-11-04,Low
CUST000510,Arjun Joshi,Bhopal,Salary,Low,2022-05-29,Medium
CUST000511,Pooja Rao,Pune,Salary,Low,2017-12-17,Medium
CUST000512,Sonal Sharma,Kanpur,Savings,Low,2020-08-05,Low
CUST000513,Aadhya Kulkarni,Delhi,Salary,Low,2020-10-28,Low
CUST000514,Aadhya Iyer,Pune,Salary,Mid,2020-10-26,Low
CUST000515,Aarav Malhotra,Pune,Savings,Mid,2017-09-13,High
CUST000516,Pooja Malhotra,Hyderabad,Salary,Mid,2018-06-26,Medium
CUST000517,Arjun Verma,Ahmedabad,Salary,Low,2021-04-24,High
CUST000518,Nikhil Nair,Chandigarh,Salary,Mid,2018-08-31,High
CUST000519,Myra Bose,Chandigarh,Savings,Low,2022-11-22,Medium
CUST000520,Aarav Singh,Bengaluru,Salary,Mid,2021-09-17,High
CUST000521,Kavya Bose,Ahmedabad,Savings,Mid,2019-12-18,Medium
CUST000522,Vihaan Kapoor,Indore,Salary,Low,2021-08-03,Medium
CUST000523,Vihaan Verma,Surat,Savings,Mid,2021-08-01,Medium
CUST000524,Rohan Bose,Indore,Salary,Mid,2020-05-10,Low
CUST000525,Vihaan Desai,Bengaluru,Salary,High,2019-07-29,Low
CUST000526,Aarav Kulkarni,Patna,Savings,Low,2019-09-12,Medium
CUST000527,Nikhil Nair,Pune,Savings,Mid,2021-04-15,Low
CUST000528,Aarav Bose,Indore,Salary,Mid,2020-12-10,Medium
CUST000529,Riya Joshi,Pune,Savings,Premium,2021-11-14,Medium
CUST000530,Anika Chatterjee,Bengaluru,Savings,Mid,2022-07-17,Medium
CUST000531,Kavya Kulkarni,Bhopal,Current,Mid,2018-07-06,Low
CUST000532,Kavya Sharma,Bhopal,Salary,Low,2020-09-24,Medium
CUST000533,Vivaan Bansal,Chandigarh,Savings,Low,2020-10-29,Low
CUST000534,Rahul Sharma,Jaipur,Savings,High,2020-12-01,Medium
CUST000535,Diya Patel,Bengaluru,Savings,Low,2018-10-23,Low
CUST000536,Amit Pillai,Hyderabad,Savings,Mid,2018-10-19,High
CUST000537,Arjun Verma,Lucknow,Savings,Low,2020-12-11,High
CUST000538,Ananya Gupta,Patna,Savings,Mid,2018-04-07,Medium
CUST000539,Nikhil Desai,Coimbatore,Salary,Low,2019-05-19,High
CUST000540,Sneha Nair,Chennai,Salary,Mid,2022-07-26,Medium
CUST000541,Vivaan Kapoor,Coimbatore,Savings,Mid,2021-10-16,Medium
CUST000542,Sneha Mehta,Delhi,Savings,Premium,2017-12-14,Medium
CUST000543,Ananya Kapoor,Delhi,Savings,Low,2020-01-12,Low
CUST000544,Pooja Agarwal,Nagpur,Salary,Mid,2020-04-07,Medium
CUST000545,Vivaan Mehta,Jaipur,Salary,Mid,2021-04-26,High
CUST000546,Neha Verma,Kanpur,Savings,Low,2018-01-24,Low
CUST000547,Krishna Reddy,Lucknow,Current,Premium,2018-06-09,Medium
CUST000548,Saanvi Bansal,Kanpur,Savings,High,2018-10-02,Medium
CUST000549,Priya Bansal,Coimbatore,Salary,Low,2021-01-07,Low
CUST000550,Aarohi Desai,Chennai,Salary,High,2020-11-10,Medium
CUST000551,Krishna Iyer,Bhopal,Savings,Low,2018-11-04,Low
CUST000552,Aditya Joshi,Indore,Savings,Mid,2019-07-18,High
CUST000553,Kavya Kapoor,Chennai,Savings,Mid,2021-02-13,Medium
CUST000554,Aditya Malhotra,Hyderabad,Salary,Mid,2019-03-20,Medium
CUST000555,Ishaan Rao,Surat,Savings,High,2019-07-17,High
CUST000556,Sai Rao,Indore,Savings,High,2020-12-13,High
CUST000557,Vivaan Chatterjee,Coimbatore,Salary,Low,2019-06-22,Medium
CUST000558,Krishna Verma,Indore,Salary,High,2022-07-02,High
CUST000559,Diya Kulkarni,Nagpur,Savings,High,2018-06-06,Low
CUST000560,Aarav Nair,Chennai,Savings,Mid,2018-02-28,Medium
CUST000561,Karan Rao,Ludhiana,Current,Low,2022-09-22,Medium
CUST000562,Aditya Patel,Ahmedabad,Savings,High,2018-07-22,High
CUST000563,Diya Bansal,Kanpur,Savings,Premium,2017-08-06,Medium
CUST000564,Vivaan Bose,Vadodara,Savings,High,2022-01-22,Medium
CUST000565,Diya Chatterjee,Coimbatore,Savings,Mid,2020-06-06,Medium
CUST000566,Riya Nair,Bengaluru,Savings,Low,2019-12-14,Low
CUST000567,Aadhya Malhotra,Kanpur,Savings,Premium,2019-04-12,High
CUST000568,Ayaan Reddy,Jaipur,Savings,Mid,2022-10-10,Medium
CUST000569,Aarohi Kulkarni,Chennai,Savings,Mid,2020-10-01,Medium
CUST000570,Vihaan Singh,Patna,Salary,Low,2018-07-29,Medium
CUST000571,Nikhil Rao,Jaipur,Savings,Low,2021-09-19,Medium
CUST000572,Ishaan Desai,Ludhiana,Savings,Mid,2021-10-19,High
CUST000573,Arjun Iyer,Hyderabad,Salary,Low,2020-05-21,High
CUST000574,Priya Rao,Chennai,Savings,Low,2022-06-06,Low
CUST000575,Karan Chatterjee,Lucknow,Savings,Low,2018-12-10,Medium
CUST000576,Kavya Agarwal,Bengaluru,Savings,Low,2021-04-17,High
CUST000577,Neha Gupta,Surat,Salary,High,2018-12-06,Medium
CUST000578,Sneha Chatterjee,Chennai,Savings,Mid,2020-01-26,Medium
CUST000579,Vihaan Mehta,Pune,Salary,Low,2018-06-24,Medium
CUST000580,Ayaan Desai,Ahmedabad,Savings,Low,2022-10-10,Medium
CUST000581,Kavya Pillai,Kanpur,Salary,High,2020-11-07,Medium
CUST000582,Sneha Agarwal,Coimbatore,Savings,Low,2022-03-12,Medium
CUST000583,Priya Iyer,Ludhiana,Savings,Low,2022-07-21,Medium
CUST000584,Aadhya Desai,Surat,Savings,Low,2019-12-22,Low
CUST000585,Amit Joshi,Indore,Savings,Low,2018-04-21,High
CUST000586,Aditya Nair,Vadodara,Current,High,2021-02-21,Medium
CUST000587,Myra Rao,Bengaluru,Savings,Low,2019-02-09,Medium
CUST000588,Diya Nair,Bhopal,Savings,High,2017-12-30,Medium
CUST000589,Rohan Pillai,Patna,Savings,Low,2021-11-25,Medium
CUST000590,Saanvi Kulkarni,Ahmedabad,Savings,Mid,2017-10-24,Medium
CUST000591,Pooja Reddy,Delhi,Salary,Mid,2020-01-06,High
CUST000592,Ishaan Gupta,Ahmedabad,Salary,Premium,2022-01-05,Medium
CUST000593,Sonal Patel,Lucknow,Savings,Mid,2020-12-24,Low
CUST000594,Priya Kapoor,Bhopal,Savings,High,2018-03-06,High
CUST000595,Krishna Mehta,Bengaluru,Salary,Mid,2019-05-12,Medium
CUST000596,Krishna Nair,Patna,Salary,High,2019-06-01,Medium
CUST000597,Isha Agarwal,Surat,Savings,Low,2022-05-25,Low
CUST000598,Rohan Gupta,Bhopal,Savings,High,2019-08-08,Medium
CUST000599,Arjun Gupta,Vadodara,Savings,Low,2019-03-24,Medium
CUST000600,Rahul Bose,Ludhiana,Savings,Low,2021-01-10,Low
CUST000601,Vivaan Sharma,Vadodara,Salary,Premium,2022-06-19,Medium
CUST000602,Rohan Pillai,Delhi,Savings,Low,2021-06-08,Medium
CUST000603,Amit Pillai,Kolkata,Savings,Mid,2020-08-01,Low
CUST000604,Rohan Sharma,Ludhiana,Salary,Low,2020-02-17,Medium
CUST000605,Ishaan Kapoor,Patna,Savings,Low,2020-03-18,Low
CUST000606,Sneha Bansal,Pune,Savings,Premium,2021-04-02,Medium
CUST000607,Aditya Verma,Coimbatore,Savings,Mid,2022-01-13,Low
CUST000608,Saanvi Desai,Coimbatore,Salary,Low,2020-04-25,Medium
CUST000609,Ananya Bose,Kolkata,Savings,Mid,2022-02-11,Low
CUST000610,Neha Malhotra,Lucknow,Salary,Premium,2018-10-21,Low
CUST000611,Aadhya Nair,Kanpur,Salary,Premium,2018-08-28,Medium
CUST000612,Anika Agarwal,Kanpur,Salary,High,2022-04-29,Medium
CUST000613,Ayaan Rao,Lucknow,Savings,Low,2022-03-27,High
CUST000614,Myra Patel,Jaipur,Savings,Low,2022-02-17,Medium
CUST000615,Vivaan Kapoor,Hyderabad,Salary,Mid,2017-08-14,High
CUST000616,Neha Bose,Nagpur,Savings,Low,2020-07-29,Low
CUST000617,Neha Gupta,Pune,Salary,High,2018-05-11,Low
CUST000618,Sonal Pillai,Lucknow,Salary,High,2018-11-17,High
CUST000619,Reyansh Gupta,Lucknow,Savings,High,2020-02-16,Medium
CUST000620,Myra Desai,Bhopal,Salary,Mid,2017-12-28,Medium
CUST000621,Aarohi Sharma,Surat,Salary,High,2022-06-01,Low
CUST000622,Anika Rao,Nagpur,Current,Mid,2021-07-27,High
CUST000623,Riya Chatterjee,Kolkata,Savings,Low,2022-08-25,Low
CUST000624,Ishaan Desai,Delhi,Salary,High,2019-07-28,Low
CUST000625,Ishaan Agarwal,Chandigarh,Salary,Mid,2022-11-16,Medium
CUST000626,Saanvi Nair,Hyderabad,Salary,Mid,2017-12-21,Medium
CUST000627,Rahul Chatterjee,Jaipur,Salary,Low,2018-08-21,Medium
CUST000628,Diya Verma,Nagpur,Salary,High,2020-09-03,Medium
CUST000629,Riya Agarwal,Delhi,Savings,Low,2021-10-30,Low
CUST000630,Kavya Kapoor,Kanpur,Salary,Low,2022-07-05,High
CUST000631,Anika Rao,Nagpur,Savings,Low,2018-08-20,High
CUST000632,Krishna Bose,Patna,Salary,Low,2019-02-08,Medium
CUST000633,Vihaan Nair,Ludhiana,Savings,Mid,2022-05-18,Medium
CUST000634,Diya Malhotra,Nagpur,Salary,High,2019-10-17,Low
CUST000635,Amit Nair,Kanpur,Savings,High,2021-10-21,Medium
CUST000636,Anika Bansal,Ludhiana,Current,Low,2020-02-12,Medium
CUST000637,Vivaan Verma,Delhi,Savings,Low,2022-02-25,Medium
CUST000638,Sneha Desai,Lucknow,Current,High,2020-01-04,Medium
CUST000639,Arjun Bose,Coimbatore,Salary,Mid,2017-11-29,High
CUST000640,Arjun Malhotra,Bhopal,Savings,Mid,2017-09-12,Medium
CUST000641,Ananya Gupta,Ludhiana,Savings,Mid,2020-09-19,Medium
CUST000642,Rahul Kapoor,Ludhiana,Salary,Mid,2019-08-05,Low
CUST000643,Anika Kulkarni,Lucknow,Savings,Mid,2019-12-08,Medium
CUST000644,Nikhil Pillai,Chandigarh,Salary,Low,2021-03-29,Medium
CUST000645,Pooja Sharma,Chandigarh,Salary,Mid,2020-11-08,Medium
CUST000646,Karan Reddy,Lucknow,Savings,High,2020-08-01,High
CUST000647,Ishaan Sharma,Vadodara,Savings,Mid,2019-07-29,Low
CUST000648,Krishna Pillai,Chandigarh,Salary,Low,2019-09-07,Medium
CUST000649,Rahul Verma,Pune,Savings,High,2019-08-25,Medium
CUST000650,Sai Kulkarni,Chandigarh,Savings,Low,2019-05-24,Medium
CUST000651,Amit Bansal,Ludhiana,Savings,Low,2022-02-03,Medium
CUST000652,Vivaan Pillai,Pune,Current,High,2017-08-09,High
CUST000653,Reyansh Sharma,Hyderabad,Savings,Mid,2020-06-12,Medium
CUST000654,Saanvi Nair,Lucknow,Savings,High,2020-08-09,Medium
CUST000655,Saanvi Kulkarni,Kolkata,Savings,High,2018-07-29,Medium
CUST000656,Sonal Desai,Ludhiana,Savings,Mid,2018-01-10,Medium
CUST000657,Nikhil Nair,Delhi,Savings,Low,2020-01-05,Low
CUST000658,Kavya Malhotra,Kolkata,Savings,High,2019-03-17,Medium
CUST000659,Anika Bansal,Chandigarh,Current,Low,2021-02-28,Low
CUST000660,Myra Agarwal,Chennai,Salary,Mid,2020-12-31,High
CUST000661,Diya Singh,Patna,Salary,Low,2019-07-02,Medium
CUST000662,Reyansh Patel,Chandigarh,Savings,Mid,2021-05-10,Low
CUST000663,Ishaan Patel,Patna,Savings,High,2017-08-22,Medium
CUST000664,Amit Kapoor,Surat,Salary,High,2018-12-20,Low
CUST000665,Nikhil Desai,Kolkata,Savings,Mid,2021-02-21,Medium
CUST000666,Diya Agarwal,Chandigarh,Current,Mid,2017-09-07,Low
CUST000667,Ishaan Reddy,Jaipur,Savings,Low,2019-09-15,Low
CUST000668,Aadhya Bansal,Patna,Current,Low,2018-05-01,Low
CUST000669,Amit Nair,Kanpur,Salary,Low,2021-04-17,Medium
CUST000670,Ishaan Iyer,Delhi,Savings,High,2020-12-23,Medium
CUST000671,Rohan Singh,Coimbatore,Savings,Low,2018-09-24,High
CUST000672,Reyansh Mehta,Chandigarh,Savings,Low,2018-04-12,Medium
CUST000673,Krishna Agarwal,Patna,Salary,Low,2019-01-07,Low
CUST000674,Arjun Reddy,Jaipur,Current,Mid,2019-06-21,Medium
CUST000675,Ayaan Patel,Vadodara,Savings,Premium,2022-08-21,Medium
CUST000676,Ayaan Patel,Bhopal,Salary,Low,2022-08-17,High
CUST000677,Saanvi Malhotra,Hyderabad,Salary,Low,2018-11-24,Low
CUST000678,Vihaan Nair,Chandigarh,Savings,Mid,2022-11-22,High
CUST000679,Sonal Gupta,Patna,Savings,Mid,2020-08-21,Low
CUST000680,Aarohi Mehta,Chandigarh,Savings,Low,2018-09-06,Low
CUST000681,Ananya Kapoor,Surat,Salary,High,2019-04-20,Medium
CUST000682,Sonal Iyer,Delhi,Salary,Low,2019-04-07,Medium
CUST000683,Ayaan Agarwal,Vadodara,Salary,Low,2018-10-12,Medium
CUST000684,Sonal Gupta,Delhi,Savings,Low,2020-07-30,Medium
CUST000685,Sonal Verma,Chennai,Current,Low,2018-03-26,High
CUST000686,Sneha Desai,Nagpur,Savings,Mid,2021-11-16,Medium
CUST000687,Priya Verma,Surat,Savings,Mid,2022-11-14,Low
CUST000688,Riya Bose,Surat,Salary,Mid,2022-04-27,Medium
CUST000689,Ishaan Rao,Lucknow,Salary,Low,2019-04-29,Low
CUST000690,Anika Desai,Patna,Savings,Low,2017-12-07,Medium
CUST000691,Neha Kulkarni,Ahmedabad,Savings,High,2020-04-18,Low
CUST000692,Reyansh Reddy,Jaipur,Salary,High,2021-01-24,High
CUST000693,Rahul Rao,Chennai,Savings,Low,2019-04-15,High
CUST000694,Nikhil Gupta,Jaipur,Savings,High,2022-11-04,Low
CUST000695,Sneha Kapoor,Lucknow,Current,Mid,2019-09-27,Medium
CUST000696,Sai Bose,Kolkata,Savings,Mid,2018-02-13,Medium
CUST000697,Pooja Joshi,Nagpur,Savings,High,2020-01-12,Medium
CUST000698,Aditya Bansal,Lucknow,Savings,Premium,2019-03-03,Medium
CUST000699,Sai Nair,Hyderabad,Salary,Low,2020-03-30,Medium
CUST000700,Sonal Patel,Lucknow,Salary,Mid,2022-11-19,Medium
CUST000701,Aadhya Patel,Jaipur,Savings,High,2020-06-01,Low
CUST000702,Ananya Kapoor,Jaipur,Salary,Mid,2019-08-28,Medium
CUST000703,Aarav Singh,Vadodara,Current,High,2019-04-04,Low
CUST000704,Nikhil Patel,Kanpur,Savings,Premium,2022-07-28,Low
CUST000705,Myra Kapoor,Hyderabad,Salary,Low,2022-01-09,Medium
CUST000706,Karan Kulkarni,Nagpur,Savings,Low,2017-09-29,Medium
CUST000707,Nikhil Reddy,Surat,Salary,Low,2019-05-04,High
CUST000708,Diya Bose,Surat,Current,Mid,2021-09-06,Medium
CUST000709,Arjun Desai,Pune,Salary,Premium,2022-01-23,Medium
CUST000710,Rahul Bose,Coimbatore,Salary,Low,2020-10-28,Medium
CUST000711,Nikhil Agarwal,Indore,Savings,Low,2017-10-20,Medium
CUST000712,Amit Agarwal,Chandigarh,Salary,Mid,2018-06-04,High
CUST000713,Amit Patel,Kolkata,Salary,Low,2019-02-08,Low
CUST000714,Neha Iyer,Ludhiana,Salary,High,2019-12-22,Medium
CUST000715,Anika Chatterjee,Coimbatore,Savings,High,2022-06-26,Medium
CUST000716,Vihaan Verma,Vadodara,Savings,High,2018-04-10,Medium
CUST000717,Priya Kulkarni,Patna,Salary,Mid,2021-10-14,Medium
CUST000718,Kavya Nair,Vadodara,Salary,Low,2021-12-31,High
CUST000719,Neha Kulkarni,Lucknow,Savings,Low,2020-06-11,Low
CUST000720,Karan Mehta,Hyderabad,Savings,Low,2018-11-25,Medium
CUST000721,Aarohi Iyer,Vadodara,Salary,Mid,2017-11-18,Medium
CUST000722,Myra Verma,Bhopal,Savings,High,2020-05-18,High
CUST000723,Anika Joshi,Ahmedabad,Savings,Mid,2020-05-11,Medium
CUST000724,Vivaan Agarwal,Vadodara,Salary,Low,2020-04-30,Low
CUST000725,Rahul Sharma,Surat,Salary,Low,2020-09-13,Low
CUST000726,Pooja Sharma,Jaipur,Savings,High,2018-09-27,Medium
CUST000727,Riya Iyer,Kolkata,Savings,Mid,2022-09-01,Medium
CUST000728,Diya Iyer,Indore,Savings,Low,2019-11-20,Medium
CUST000729,Sonal Iyer,Delhi,Current,Mid,2017-09-07,High
CUST000730,Vivaan Kapoor,Chandigarh,Salary,High,2020-08-17,Medium
CUST000731,Amit Nair,Chennai,Current,Low,2018-08-17,Medium
CUST000732,Diya Bansal,Indore,Savings,Mid,2020-05-28,Medium
CUST000733,Aadhya Iyer,Nagpur,Salary,Mid,2019-02-03,Medium
CUST000734,Arjun Chatterjee,Patna,Current,Mid,2022-04-04,Low
CUST000735,Kavya Bansal,Chennai,Savings,Mid,2019-12-15,Medium
CUST000736,Rahul Patel,Ahmedabad,Savings,High,2018-03-29,High
CUST000737,Amit Sharma,Mumbai,Current,Low,2021-03-31,Medium
CUST000738,Karan Agarwal,Coimbatore,Savings,High,2020-07-17,High
CUST000739,Aadhya Patel,Patna,Savings,High,2021-07-14,High
CUST000740,Diya Nair,Coimbatore,Salary,Low,2021-05-17,Low
CUST000741,Sonal Reddy,Kolkata,Savings,High,2022-09-28,Low
CUST000742,Isha Sharma,Indore,Savings,Low,2021-07-28,Medium
CUST000743,Aditya Reddy,Kolkata,Salary,Low,2019-08-04,Low
CUST000744,Myra Bose,Delhi,Salary,Low,2019-02-25,Low
CUST000745,Ayaan Verma,Delhi,Salary,High,2020-08-31,Medium
CUST000746,Ayaan Agarwal,Coimbatore,Salary,Mid,2021-09-14,Low
CUST000747,Arjun Kulkarni,Delhi,Savings,Low,2021-04-19,Medium
CUST000748,Pooja Pillai,Pune,Salary,Low,2021-02-17,High
CUST000749,Isha Malhotra,Vadodara,Savings,High,2021-08-04,Low
CUST000750,Priya Nair,Surat,Salary,High,2019-03-21,Low
CUST000751,Ayaan Joshi,Bhopal,Current,Low,2021-03-27,Medium
CUST000752,Vivaan Agarwal,Jaipur,Salary,High,2017-08-08,Medium
CUST000753,Priya Gupta,Vadodara,Savings,Mid,2019-05-30,Medium
CUST000754,Kavya Desai,Indore,Salary,Mid,2022-08-28,Medium
CUST000755,Rohan Bansal,Kanpur,Savings,High,2018-07-07,Medium
CUST000756,Ananya Joshi,Bhopal,Salary,Mid,2020-08-18,Medium
CUST000757,Ishaan Bansal,Ahmedabad,Savings,Low,2021-11-21,Low
CUST000758,Aarohi Patel,Patna,Savings,Mid,2018-02-27,Medium
CUST000759,Ishaan Nair,Pune,Salary,Premium,2018-05-27,Medium
CUST000760,Sonal Verma,Coimbatore,Salary,Mid,2019-10-08,Low
CUST000761,Saanvi Agarwal,Indore,Savings,Low,2019-12-13,Medium
CUST000762,Aadhya Patel,Ahmedabad,Savings,Low,2021-06-28,Low
CUST000763,Ananya Iyer,Kolkata,Savings,Premium,2017-10-01,Medium
CUST000764,Neha Chatterjee,Coimbatore,Salary,Low,2022-05-27,Low
CUST000765,Rahul Mehta,Patna,Savings,Low,2022-08-19,Low
CUST000766,Aadhya Bose,Jaipur,Savings,Low,2019-07-17,Low
CUST000767,Neha Iyer,Delhi,Savings,Low,2021-11-12,High
CUST000768,Rahul Agarwal,Vadodara,Savings,Mid,2021-09-14,Low
CUST000769,Reyansh Malhotra,Chandigarh,Savings,Premium,2021-03-22,Low
CUST000770,Reyansh Mehta,Mumbai,Savings,Mid,2017-07-11,Medium
CUST000771,Rahul Desai,Hyderabad,Salary,Mid,2017-10-17,Medium
CUST000772,Nikhil Bose,Pune,Current,High,2018-12-22,Low
CUST000773,Aadhya Patel,Kolkata,Savings,Low,2019-10-29,Medium
CUST000774,Amit Kapoor,Lucknow,Current,Mid,2020-10-14,Medium
CUST000775,Kavya Chatterjee,Coimbatore,Savings,Mid,2021-03-11,High
CUST000776,Diya Kulkarni,Jaipur,Salary,Premium,2017-12-21,Low
CUST000777,Myra Reddy,Chandigarh,Savings,Mid,2018-06-02,Low
CUST000778,Amit Malhotra,Chandigarh,Salary,Low,2017-10-17,Medium
CUST000779,Diya Malhotra,Kolkata,Savings,Low,2020-08-07,Medium
CUST000780,Riya Patel,Delhi,Savings,Mid,2018-10-06,Medium
CUST000781,Aarav Singh,Ahmedabad,Savings,High,2019-10-26,Low
CUST000782,Riya Joshi,Vadodara,Current,Mid,2021-04-07,Medium
CUST000783,Reyansh Malhotra,Ahmedabad,Savings,Mid,2021-08-18,Medium
CUST000784,Riya Patel,Nagpur,Salary,Low,2020-02-14,High
CUST000785,Rohan Malhotra,Patna,Salary,Mid,2021-06-23,Medium
CUST000786,Rahul Desai,Chandigarh,Current,Low,2020-05-03,Low
CUST000787,Rahul Chatterjee,Chennai,Savings,Mid,2021-12-21,Low
CUST000788,Rahul Agarwal,Ahmedabad,Savings,Mid,2020-03-07,Medium
CUST000789,Sonal Agarwal,Chennai,Savings,Mid,2019-04-28,Low
CUST000790,Anika Verma,Delhi,Savings,Mid,2018-03-20,Medium
CUST000791,Pooja Verma,Bengaluru,Salary,Mid,2018-08-20,Medium
CUST000792,Saanvi Nair,Mumbai,Salary,Mid,2018-03-13,Low
CUST000793,Aditya Nair,Pune,Salary,Low,2022-11-14,Medium
CUST000794,Anika Rao,Kolkata,Salary,High,2020-10-29,High
CUST000795,Isha Bose,Delhi,Savings,High,2017-10-20,Medium
CUST000796,Karan Desai,Chandigarh,Savings,Mid,2022-10-31,Medium
CUST000797,Kavya Agarwal,Mumbai,Salary,High,2020-08-12,Medium
CUST000798,Aarav Kulkarni,Mumbai,Savings,Low,2018-11-14,Low
CUST000799,Kavya Kapoor,Jaipur,Savings,High,2022-10-28,Low
CUST000800,Pooja Joshi,Bhopal,Salary,Low,2018-05-26,Medium
CUST000801,Vihaan Reddy,Chennai,Savings,Low,2019-12-25,Medium
CUST000802,Ayaan Mehta,Ahmedabad,Salary,Low,2019-06-12,Medium
CUST000803,Krishna Chatterjee,Bhopal,Savings,Mid,2021-06-03,High
CUST000804,Aditya Chatterjee,Nagpur,Salary,Mid,2017-07-17,Low
CUST000805,Myra Pillai,Nagpur,Savings,Mid,2021-07-22,Medium
CUST000806,Ishaan Iyer,Pune,Savings,Premium,2019-04-04,Low
CUST000807,Aditya Bansal,Delhi,Savings,Low,2020-10-17,Low
CUST000808,Kavya Desai,Nagpur,Salary,Low,2022-08-10,Medium
CUST000809,Nikhil Gupta,Mumbai,Current,Low,2022-06-16,Low
CUST000810,Neha Joshi,Chandigarh,Savings,Premium,2019-04-22,High
CUST000811,Riya Reddy,Lucknow,Salary,Mid,2017-11-26,High
CUST000812,Sonal Verma,Bhopal,Current,Low,2021-08-19,Medium
CUST000813,Priya Pillai,Kolkata,Savings,Mid,2020-04-03,Medium
CUST000814,Vivaan Iyer,Jaipur,Salary,Low,2019-01-31,Medium
CUST000815,Priya Agarwal,Jaipur,Salary,High,2019-10-05,Medium
CUST000816,Sai Malhotra,Delhi,Savings,Low,2022-10-31,Low
CUST000817,Riya Nair,Kolkata,Savings,Low,2018-09-14,Low
CUST000818,Sonal Iyer,Nagpur,Salary,Premium,2021-03-30,Medium
CUST000819,Riya Patel,Chennai,Savings,Mid,2019-09-29,Medium
CUST000820,Karan Agarwal,Nagpur,Savings,Mid,2021-01-22,Medium
CUST000821,Amit Nair,Nagpur,Salary,Premium,2018-06-28,Medium
CUST000822,Anika Chatterjee,Bengaluru,Salary,Mid,2022-08-15,Low
CUST000823,Saanvi Patel,Hyderabad,Savings,Mid,2018-03-21,Medium
CUST000824,Ananya Bose,Bengaluru,Savings,Mid,2018-08-11,High
CUST000825,Isha Bansal,Ludhiana,Salary,High,2018-08-01,Medium
CUST000826,Aarav Singh,Lucknow,Savings,High,2018-07-12,Medium
CUST000827,Aarohi Patel,Coimbatore,Salary,Low,2020-12-04,Low
CUST000828,Aadhya Joshi,Patna,Current,High,2021-11-17,Low
CUST000829,Karan Bansal,Vadodara,Current,Mid,2022-06-10,Medium
CUST000830,Ishaan Patel,Ludhiana,Salary,High,2018-12-03,Medium
CUST000831,Aditya Singh,Bengaluru,Savings,Low,2022-01-21,Medium
CUST000832,Nikhil Nair,Nagpur,Savings,Mid,2018-10-10,Medium
CUST000833,Ananya Chatterjee,Nagpur,Salary,Mid,2022-04-28,High
CUST000834,Aarav Kapoor,Bengaluru,Salary,Mid,2020-06-05,Medium
CUST000835,Amit Singh,Kanpur,Current,Mid,2022-05-07,Low
CUST000836,Aditya Gupta,Ahmedabad,Salary,Low,2020-07-03,Medium
CUST000837,Kavya Agarwal,Coimbatore,Salary,High,2020-01-18,Low
CUST000838,Vihaan Sharma,Indore,Savings,High,2022-06-02,Medium
CUST000839,Kavya Iyer,Kanpur,Current,Mid,2019-07-29,Low
CUST000840,Sneha Malhotra,Ludhiana,Salary,Mid,2018-01-29,Medium
CUST000841,Aarav Kapoor,Nagpur,Savings,Mid,2020-08-07,Low
CUST000842,Amit Iyer,Nagpur,Salary,Mid,2018-11-09,Low
CUST000843,Priya Patel,Patna,Current,Low,2019-09-18,Low
CUST000844,Sai Bansal,Bhopal,Salary,Premium,2021-12-20,High
CUST000845,Krishna Kapoor,Ahmedabad,Savings,Low,2021-06-01,Medium
CUST000846,Arjun Iyer,Chandigarh,Salary,High,2021-12-25,Low
CUST000847,Krishna Joshi,Indore,Salary,High,2021-03-29,Medium
CUST000848,Sneha Iyer,Chandigarh,Salary,High,2020-11-23,Medium
CUST000849,Ayaan Desai,Jaipur,Savings,Low,2019-08-04,Low
CUST000850,Reyansh Rao,Ludhiana,Savings,Mid,2022-04-27,Low
CUST000851,Ishaan Sharma,Ahmedabad,Savings,Low,2017-08-07,High
CUST000852,Ananya Bose,Nagpur,Savings,Premium,2020-10-15,High
CUST000853,Myra Malhotra,Lucknow,Savings,Mid,2020-07-04,Low
CUST000854,Arjun Kapoor,Ludhiana,Salary,Mid,2021-02-14,Medium
CUST000855,Nikhil Mehta,Ludhiana,Savings,Low,2020-03-26,Medium
CUST000856,Sai Bansal,Lucknow,Savings,Low,2021-02-17,Low
CUST000857,Rahul Desai,Surat,Current,High,2019-09-10,Medium
CUST000858,Ananya Bansal,Pune,Savings,High,2021-05-07,Medium
CUST000859,Diya Reddy,Nagpur,Salary,Low,2017-09-11,High
CUST000860,Reyansh Pillai,Vadodara,Savings,Mid,2019-11-11,Medium
CUST000861,Karan Agarwal,Chennai,Salary,Low,2022-10-08,Medium
CUST000862,Nikhil Mehta,Coimbatore,Salary,Mid,2020-06-18,Medium
CUST000863,Pooja Iyer,Surat,Salary,Low,2018-04-30,Low
CUST000864,Karan Desai,Indore,Salary,High,2022-02-20,High
CUST000865,Ayaan Singh,Surat,Savings,Mid,2019-03-25,Low
CUST000866,Nikhil Joshi,Ahmedabad,Savings,High,2018-06-30,Medium
CUST000867,Aditya Rao,Nagpur,Savings,Low,2019-07-27,Medium
CUST000868,Riya Bansal,Chandigarh,Salary,Low,2019-12-04,Medium
CUST000869,Sonal Joshi,Bhopal,Savings,Low,2019-11-15,Low
CUST000870,Sneha Chatterjee,Delhi,Salary,Low,2018-12-27,Low
CUST000871,Isha Iyer,Patna,Savings,High,2022-04-23,Low
CUST000872,Karan Chatterjee,Pune,Savings,High,2021-12-27,Low
CUST000873,Vivaan Pillai,Ludhiana,Savings,Mid,2019-04-21,High
CUST000874,Amit Malhotra,Nagpur,Salary,Low,2018-06-16,High
CUST000875,Vihaan Sharma,Indore,Current,Mid,2022-05-15,Medium
CUST000876,Ayaan Kulkarni,Jaipur,Savings,Premium,2018-09-25,Medium
CUST000877,Kavya Pillai,Bhopal,Savings,Mid,2019-01-24,Medium
CUST000878,Ayaan Rao,Vadodara,Savings,High,2020-10-27,Low
CUST000879,Myra Pillai,Nagpur,Salary,High,2019-01-18,High
CUST000880,Arjun Chatterjee,Bhopal,Current,High,2022-10-13,Medium
CUST000881,Vihaan Kapoor,Chandigarh,Savings,Low,2020-08-03,Medium
CUST000882,Vihaan Nair,Bengaluru,Savings,Mid,2020-12-19,Medium
CUST000883,Ananya Rao,Surat,Savings,Premium,2018-07-10,Medium
CUST000884,Anika Desai,Kolkata,Savings,Mid,2020-12-19,Medium
CUST000885,Vihaan Rao,Chandigarh,Savings,Mid,2018-11-15,Medium
CUST000886,Ananya Iyer,Coimbatore,Salary,Mid,2021-03-28,High
CUST000887,Sneha Reddy,Delhi,Salary,Low,2022-10-17,Medium
CUST000888,Rohan Reddy,Lucknow,Savings,High,2019-02-15,Medium
CUST000889,Sonal Patel,Chennai,Savings,Mid,2020-01-11,Low
CUST000890,Kavya Gupta,Chennai,Salary,Mid,2021-01-24,Medium
CUST000891,Saanvi Rao,Patna,Savings,Mid,2021-08-15,Medium
CUST000892,Rohan Gupta,Nagpur,Salary,Low,2021-11-16,Low
CUST000893,Aadhya Sharma,Indore,Savings,Mid,2018-10-14,Low
CUST000894,Priya Mehta,Ludhiana,Savings,Mid,2020-05-26,High
CUST000895,Saanvi Bansal,Vadodara,Savings,Low,2022-11-23,Medium
CUST000896,Reyansh Singh,Kolkata,Savings,Low,2018-09-14,Medium
CUST000897,Riya Reddy,Bengaluru,Savings,Mid,2018-06-09,Medium
CUST000898,Sai Chatterjee,Patna,Savings,Mid,2021-02-03,Medium
CUST000899,Myra Reddy,Kolkata,Savings,Premium,2021-06-13,Medium
CUST000900,Anika Malhotra,Chandigarh,Salary,Low,2019-07-29,Medium
CUST000901,Isha Bansal,Nagpur,Current,Mid,2019-08-18,Low
CUST000902,Diya Chatterjee,Hyderabad,Salary,Low,2018-03-07,High
CUST000903,Isha Gupta,Coimbatore,Savings,Low,2018-05-11,Low
CUST000904,Sonal Bose,Surat,Salary,Low,2019-08-12,Medium
CUST000905,Karan Nair,Bengaluru,Savings,Low,2021-03-01,Low
CUST000906,Ayaan Kapoor,Hyderabad,Salary,Low,2022-04-07,High
CUST000907,Diya Nair,Chennai,Savings,High,2020-01-21,High
CUST000908,Saanvi Bose,Nagpur,Salary,High,2022-02-23,Medium
CUST000909,Aadhya Joshi,Vadodara,Savings,Mid,2021-11-17,Low
CUST000910,Rohan Agarwal,Chandigarh,Savings,Low,2019-01-12,Medium
CUST000911,Kavya Gupta,Chennai,Savings,High,2020-03-05,Low
CUST000912,Arjun Gupta,Surat,Current,Premium,2021-02-26,Medium
CUST000913,Isha Verma,Coimbatore,Savings,Premium,2018-01-25,High
CUST000914,Aarav Desai,Kanpur,Savings,Low,2022-02-26,Low
CUST000915,Pooja Bansal,Kolkata,Savings,Low,2019-10-09,Medium
CUST000916,Rohan Desai,Bhopal,Salary,High,2020-08-17,Low
CUST000917,Saanvi Rao,Chandigarh,Salary,High,2020-03-07,Medium
CUST000918,Aditya Pillai,Chennai,Savings,Mid,2022-09-30,Medium
CUST000919,Ishaan Verma,Pune,Savings,High,2021-05-19,Medium
CUST000920,Kavya Kapoor,Pune,Salary,High,2021-12-23,Low
CUST000921,Riya Desai,Coimbatore,Savings,Low,2019-11-03,Medium
CUST000922,Vihaan Pillai,Bhopal,Savings,Mid,2022-04-13,High
CUST000923,Amit Agarwal,Jaipur,Savings,Mid,2018-04-21,Medium
CUST000924,Kavya Verma,Kanpur,Savings,Mid,2018-08-29,Low
CUST000925,Kavya Mehta,Coimbatore,Savings,High,2020-07-15,Medium
CUST000926,Rahul Patel,Hyderabad,Savings,Mid,2021-04-02,Low
CUST000927,Myra Singh,Delhi,Savings,Mid,2020-12-19,Low
CUST000928,Myra Reddy,Bengaluru,Current,High,2018-07-28,Medium
CUST000929,Reyansh Pillai,Pune,Savings,High,2019-01-21,High
CUST000930,Neha Bose,Kanpur,Current,Low,2019-05-17,High
CUST000931,Sai Bose,Indore,Current,High,2022-02-20,Medium
CUST000932,Pooja Mehta,Kolkata,Savings,Low,2018-05-28,Medium
CUST000933,Riya Chatterjee,Delhi,Salary,Low,2019-12-08,High
CUST000934,Isha Agarwal,Jaipur,Salary,Low,2021-12-23,High
CUST000935,Nikhil Kapoor,Lucknow,Current,Premium,2021-04-19,Medium
CUST000936,Krishna Kulkarni,Vadodara,Salary,Premium,2017-11-15,Low
CUST000937,Arjun Joshi,Hyderabad,Salary,Mid,2017-10-08,Low
CUST000938,Krishna Nair,Delhi,Salary,Mid,2018-12-27,Low
CUST000939,Ayaan Nair,Ahmedabad,Salary,Mid,2018-12-07,Medium
CUST000940,Pooja Patel,Lucknow,Savings,Low,2018-08-26,Medium
CUST000941,Aarohi Nair,Nagpur,Savings,Premium,2019-09-07,Medium
CUST000942,Rohan Joshi,Jaipur,Savings,Low,2020-10-25,High
CUST000943,Aditya Iyer,Coimbatore,Savings,High,2020-08-29,Medium
CUST000944,Rahul Singh,Bhopal,Savings,Low,2019-01-10,Medium
CUST000945,Myra Desai,Kanpur,Savings,Low,2021-01-31,Medium
CUST000946,Aarav Iyer,Vadodara,Current,High,2018-10-28,Low
CUST000947,Rohan Chatterjee,Coimbatore,Savings,High,2018-02-25,Medium
CUST000948,Sneha Agarwal,Bengaluru,Current,High,2020-09-09,High
CUST000949,Saanvi Mehta,Kolkata,Savings,Mid,2020-02-23,Medium
CUST000950,Ananya Kapoor,Jaipur,Salary,Low,2021-01-10,Medium
CUST000951,Riya Nair,Patna,Savings,Mid,2019-09-30,Low
CUST000952,Sneha Malhotra,Chandigarh,Savings,High,2017-11-27,Medium
CUST000953,Vivaan Reddy,Delhi,Savings,Low,2019-05-30,Low
CUST000954,Aarav Reddy,Coimbatore,Salary,Low,2017-09-16,Low
CUST000955,Myra Rao,Chennai,Salary,Premium,2022-12-01,Medium
CUST000956,Reyansh Nair,Indore,Savings,Mid,2017-12-22,Medium
CUST000957,Sai Singh,Surat,Savings,Low,2022-05-25,High
CUST000958,Krishna Iyer,Kanpur,Salary,Premium,2020-11-01,Medium
CUST000959,Vivaan Bansal,Chennai,Savings,High,2019-05-31,Medium
CUST000960,Rahul Patel,Surat,Salary,Low,2020-07-06,Low
CUST000961,Nikhil Reddy,Bengaluru,Salary,Low,2022-11-30,Low
CUST000962,Aarohi Iyer,Kolkata,Savings,Low,2022-03-06,High
CUST000963,Ayaan Kulkarni,Vadodara,Savings,Mid,2019-02-09,High
CUST000964,Aarav Sharma,Coimbatore,Savings,High,2019-01-08,Medium
CUST000965,Pooja Reddy,Lucknow,Salary,High,2018-02-05,Low
CUST000966,Nikhil Nair,Indore,Savings,High,2020-03-29,Low
CUST000967,Ayaan Bansal,Bengaluru,Savings,Mid,2022-06-03,Low
CUST000968,Vihaan Malhotra,Hyderabad,Savings,High,2020-11-10,Medium
CUST000969,Arjun Bansal,Surat,Savings,Mid,2018-08-01,High
CUST000970,Rohan Nair,Ahmedabad,Savings,Low,2022-07-15,Medium
CUST000971,Riya Sharma,Bhopal,Savings,Low,2019-07-02,Medium
CUST000972,Myra Chatterjee,Chennai,Savings,Premium,2018-11-14,Medium
CUST000973,Rohan Nair,Kolkata,Salary,High,2017-10-06,Medium
CUST000974,Isha Rao,Indore,Savings,Low,2018-02-05,Medium
CUST000975,Aditya Reddy,Kolkata,Savings,High,2022-02-19,Medium
CUST000976,Riya Bansal,Hyderabad,Salary,High,2020-12-13,High
CUST000977,Ananya Nair,Indore,Savings,High,2021-07-13,Medium
CUST000978,Rohan Iyer,Jaipur,Savings,Mid,2021-07-12,Medium
CUST000979,Isha Bose,Patna,Savings,High,2018-11-17,Medium
CUST000980,Ishaan Sharma,Ludhiana,Current,Mid,2018-03-02,Low
CUST000981,Reyansh Kulkarni,Surat,Salary,Low,2019-07-09,Low
CUST000982,Reyansh Bansal,Bhopal,Salary,High,2021-04-06,Low
CUST000983,Sneha Patel,Delhi,Savings,Mid,2020-02-23,Medium
CUST000984,Vihaan Patel,Nagpur,Salary,Premium,2020-02-13,Medium
CUST000985,Aditya Kulkarni,Ludhiana,Savings,High,2017-12-08,High
CUST000986,Diya Malhotra,Mumbai,Salary,Mid,2022-03-07,High
CUST000987,Neha Pillai,Nagpur,Salary,Low,2020-07-24,Low
CUST000988,Kavya Gupta,Kanpur,Savings,Low,2018-08-23,High
CUST000989,Amit Iyer,Chandigarh,Salary,High,2022-10-29,Medium
CUST000990,Aditya Sharma,Vadodara,Current,Mid,2021-06-14,Medium
CUST000991,Vivaan Verma,Kolkata,Savings,Mid,2017-08-08,Medium
CUST000992,Anika Kapoor,Nagpur,Savings,High,2019-05-25,Low
CUST000993,Amit Joshi,Bhopal,Savings,High,2020-07-18,Medium
CUST000994,Aditya Agarwal,Nagpur,Savings,Premium,2019-11-27,Low
CUST000995,Arjun Singh,Ludhiana,Salary,High,2022-06-14,Medium
CUST000996,Aditya Kulkarni,Surat,Savings,Premium,2017-10-03,Medium
CUST000997,Sneha Nair,Kolkata,Salary,High,2019-11-30,Low
CUST000998,Aadhya Pillai,Lucknow,Salary,High,2019-05-13,Medium
CUST000999,Ishaan Joshi,Bengaluru,Salary,Low,2018-10-30,Low
CUST001000,Vivaan Patel,Pune,Savings,Low,2022-06-09,High
CUST001001,Vihaan Rao,Indore,Salary,Mid,2019-06-28,Low
CUST001002,Vivaan Kapoor,Ludhiana,Salary,Mid,2019-03-09,High
CUST001003,Vihaan Sharma,Chennai,Savings,High,2018-12-14,Medium
CUST001004,Nikhil Sharma,Ahmedabad,Savings,Low,2022-01-01,Low
CUST001005,Diya Kulkarni,Chandigarh,Savings,Low,2020-01-08,Medium
CUST001006,Sai Chatterjee,Jaipur,Salary,Low,2022-03-18,Medium
CUST001007,Rahul Reddy,Jaipur,Salary,Low,2018-08-06,Low
CUST001008,Ananya Joshi,Mumbai,Salary,Mid,2021-05-24,Medium
CUST001009,Aditya Singh,Bhopal,Savings,Low,2018-12-05,High
CUST001010,Rohan Iyer,Vadodara,Salary,Mid,2020-02-20,Medium
CUST001011,Anika Chatterjee,Coimbatore,Savings,Low,2022-08-11,Medium
CUST001012,Neha Pillai,Chandigarh,Savings,Low,2021-12-26,Low
CUST001013,Sai Singh,Kanpur,Current,Mid,2018-08-02,Low
CUST001014,Priya Pillai,Hyderabad,Savings,Mid,2019-02-21,High
CUST001015,Ayaan Kulkarni,Hyderabad,Savings,Low,2022-11-27,Medium
CUST001016,Neha Sharma,Delhi,Savings,High,2021-07-20,Medium
CUST001017,Aarohi Chatterjee,Delhi,Savings,Mid,2020-10-09,Low
CUST001018,Sai Verma,Ahmedabad,Savings,Mid,2019-10-27,Low
CUST001019,Ayaan Malhotra,Indore,Current,Mid,2021-07-12,Medium
CUST001020,Sonal Malhotra,Indore,Savings,Low,2021-05-26,High
CUST001021,Riya Chatterjee,Bengaluru,Savings,Low,2022-04-02,Medium
CUST001022,Karan Verma,Bhopal,Salary,Mid,2021-11-30,Low
CUST001023,Sneha Kulkarni,Pune,Current,Low,2022-08-30,Low
CUST001024,Aditya Rao,Nagpur,Salary,Mid,2018-01-24,Medium
CUST001025,Amit Kapoor,Surat,Savings,Low,2021-01-31,Medium
CUST001026,Kavya Rao,Bengaluru,Current,High,2022-11-16,Low
CUST001027,Reyansh Kapoor,Kanpur,Current,Low,2019-10-05,Medium
CUST001028,Rahul Bose,Surat,Savings,High,2021-07-24,Medium
CUST001029,Diya Pillai,Coimbatore,Salary,High,2020-02-26,Medium
CUST001030,Rahul Agarwal,Kolkata,Salary,Low,2018-08-28,Low
CUST001031,Arjun Sharma,Pune,Current,Mid,2017-09-10,Medium
CUST001032,Aarav Patel,Indore,Savings,High,2019-11-19,Medium
CUST001033,Rohan Sharma,Kanpur,Savings,Premium,2017-08-03,Low
CUST001034,Aarav Bansal,Lucknow,Savings,Mid,2018-02-28,Medium
CUST001035,Vihaan Mehta,Surat,Savings,High,2019-12-13,Low
CUST001036,Saanvi Desai,Pune,Salary,Mid,2017-07-13,Low
CUST001037,Arjun Singh,Delhi,Salary,Mid,2022-05-26,Medium
CUST001038,Sonal Patel,Delhi,Salary,Low,2017-11-21,Low
CUST001039,Saanvi Chatterjee,Bhopal,Salary,Low,2020-05-08,Medium
CUST001040,Riya Reddy,Bengaluru,Savings,Low,2020-02-01,Low
CUST001041,Rohan Bansal,Ahmedabad,Savings,Low,2022-07-02,Low
CUST001042,Riya Verma,Vadodara,Salary,Mid,2020-06-25,Medium
CUST001043,Ayaan Kapoor,Ahmedabad,Savings,Mid,2021-06-16,High
CUST001044,Sonal Bansal,Lucknow,Salary,High,2018-12-28,High
CUST001045,Ananya Rao,Lucknow,Savings,Premium,2021-05-25,Low
CUST001046,Aditya Mehta,Pune,Salary,Mid,2022-02-27,Medium
CUST001047,Vihaan Nair,Vadodara,Savings,Mid,2022-04-30,Medium
CUST001048,Myra Rao,Chennai,Salary,Premium,2021-02-27,Medium
CUST001049,Vihaan Agarwal,Indore,Savings,Low,2020-11-29,High
CUST001050,Myra Kapoor,Kolkata,Salary,Mid,2020-04-28,Medium
CUST001051,Neha Reddy,Jaipur,Savings,Mid,2022-05-31,Medium
CUST001052,Sneha Kapoor,Chennai,Savings,Mid,2018-04-15,Medium
CUST001053,Vivaan Mehta,Ludhiana,Savings,Premium,2018-03-27,High
CUST001054,Arjun Iyer,Lucknow,Savings,Low,2018-12-07,Low
CUST001055,Diya Bansal,Pune,Savings,Low,2020-01-16,Low
CUST001056,Karan Kapoor,Delhi,Current,Mid,2021-06-18,Low
CUST001057,Aarav Bansal,Chennai,Savings,High,2018-02-16,Medium
CUST001058,Kavya Agarwal,Coimbatore,Savings,Low,2021-07-09,Low
CUST001059,Myra Reddy,Hyderabad,Savings,Low,2018-05-31,Medium
CUST001060,Vihaan Sharma,Ahmedabad,Salary,High,2022-07-29,Medium
CUST001061,Arjun Mehta,Pune,Savings,Low,2018-04-21,Medium
CUST001062,Diya Iyer,Nagpur,Savings,Low,2019-08-28,Medium
CUST001063,Krishna Iyer,Vadodara,Savings,Mid,2022-10-19,High
CUST001064,Reyansh Rao,Bengaluru,Savings,High,2018-05-20,High
CUST001065,Aditya Malhotra,Ahmedabad,Savings,Premium,2022-03-27,Medium
CUST001066,Myra Verma,Delhi,Current,Mid,2021-12-23,High
CUST001067,Saanvi Bansal,Vadodara,Savings,Low,2020-02-20,Medium
CUST001068,Aadhya Joshi,Mumbai,Savings,Mid,2021-12-14,High
CUST001069,Reyansh Gupta,Kanpur,Salary,Mid,2021-05-18,High
CUST001070,Myra Nair,Jaipur,Savings,High,2022-09-23,Medium
CUST001071,Isha Bose,Ludhiana,Salary,Low,2021-07-17,Low
CUST001072,Aarohi Joshi,Surat,Savings,Mid,2017-12-21,Low
CUST001073,Aarohi Verma,Patna,Savings,Low,2022-06-06,Medium
CUST001074,Aadhya Nair,Jaipur,Savings,High,2020-07-27,Low
CUST001075,Rohan Kulkarni,Kolkata,Savings,Low,2021-07-10,Low
CUST001076,Sneha Sharma,Patna,Savings,High,2020-10-10,Medium
CUST001077,Aarohi Agarwal,Kanpur,Savings,Low,2018-07-16,Medium
CUST001078,Diya Pillai,Chandigarh,Savings,Mid,2020-02-08,Low
CUST001079,Aadhya Singh,Lucknow,Savings,Mid,2021-11-29,Low
CUST001080,Ananya Bose,Mumbai,Salary,Premium,2021-09-10,Medium
CUST001081,Priya Singh,Mumbai,Savings,Mid,2022-08-05,Medium
CUST001082,Anika Chatterjee,Chandigarh,Salary,Mid,2018-08-15,Low
CUST001083,Ayaan Gupta,Vadodara,Savings,Mid,2022-05-11,High
CUST001084,Karan Patel,Pune,Savings,Mid,2021-06-05,Low
CUST001085,Pooja Verma,Patna,Savings,Mid,2018-08-21,Medium
CUST001086,Riya Bansal,Pune,Salary,Low,2020-12-06,Low
CUST001087,Sai Patel,Chennai,Salary,Mid,2019-08-07,Low
CUST001088,Sneha Chatterjee,Lucknow,Savings,Mid,2017-10-18,Low
CUST001089,Aarav Chatterjee,Vadodara,Savings,High,2017-08-10,Medium
CUST001090,Riya Nair,Vadodara,Salary,Mid,2019-10-06,Medium
CUST001091,Pooja Desai,Kolkata,Savings,Low,2019-11-18,Medium
CUST001092,Sai Desai,Surat,Salary,Mid,2022-09-16,High
CUST001093,Vivaan Patel,Bengaluru,Savings,High,2019-07-19,Medium
CUST001094,Aarav Kulkarni,Pune,Savings,High,2020-03-29,Low
CUST001095,Ananya Bose,Mumbai,Salary,High,2021-10-16,Medium
CUST001096,Ananya Gupta,Ahmedabad,Savings,Low,2017-10-08,High
CUST001097,Vivaan Sharma,Lucknow,Savings,High,2022-02-03,Low
CUST001098,Nikhil Nair,Vadodara,Savings,High,2018-07-31,Medium
CUST001099,Neha Kulkarni,Hyderabad,Savings,Premium,2018-02-04,Medium
CUST001100,Aditya Chatterjee,Kanpur,Savings,Low,2018-12-21,High
CUST001101,Riya Reddy,Nagpur,Current,Mid,2021-01-12,Medium
CUST001102,Ananya Nair,Surat,Savings,Low,2022-01-14,Medium
CUST001103,Sneha Desai,Indore,Savings,Mid,2019-04-13,Medium
CUST001104,Sai Agarwal,Lucknow,Salary,Mid,2019-01-12,Medium
CUST001105,Sneha Chatterjee,Ludhiana,Savings,High,2021-09-01,Low
CUST001106,Pooja Gupta,Vadodara,Savings,Mid,2020-10-19,Low
CUST001107,Rahul Kapoor,Surat,Salary,High,2022-03-17,Medium
CUST001108,Rahul Sharma,Chennai,Salary,Low,2017-08-07,Medium
CUST001109,Aadhya Pillai,Vadodara,Salary,High,2022-09-27,High
CUST001110,Isha Malhotra,Chennai,Savings,Mid,2017-10-03,Medium
CUST001111,Ayaan Pillai,Ludhiana,Salary,Mid,2022-05-03,Low
CUST001112,Arjun Malhotra,Chandigarh,Salary,Low,2018-09-28,Medium
CUST001113,Ayaan Chatterjee,Bengaluru,Salary,High,2021-02-16,Medium
CUST001114,Rohan Iyer,Chennai,Salary,Mid,2018-04-25,Medium
CUST001115,Myra Sharma,Lucknow,Savings,Mid,2021-06-07,Medium
CUST001116,Ayaan Iyer,Kolkata,Savings,High,2020-12-15,Low
CUST001117,Sneha Reddy,Jaipur,Savings,Low,2018-11-18,Low
CUST001118,Vivaan Bansal,Mumbai,Current,Mid,2020-06-18,Medium
CUST001119,Sai Joshi,Indore,Savings,Low,2020-02-27,Medium
CUST001120,Diya Agarwal,Nagpur,Salary,Mid,2020-10-25,Medium
CUST001121,Pooja Desai,Hyderabad,Savings,High,2018-07-01,Medium
CUST001122,Rohan Patel,Vadodara,Current,Low,2022-01-03,Medium
CUST001123,Aditya Verma,Coimbatore,Savings,Low,2021-04-08,Low
CUST001124,Ananya Singh,Mumbai,Savings,Mid,2017-08-01,Medium
CUST001125,Aditya Malhotra,Hyderabad,Salary,Low,2021-12-19,High
CUST001126,Sai Iyer,Nagpur,Salary,High,2019-11-08,Low
CUST001127,Ananya Bose,Bengaluru,Salary,Low,2019-06-25,Medium
CUST001128,Nikhil Sharma,Chandigarh,Savings,Mid,2020-07-02,Low
CUST001129,Isha Joshi,Chennai,Salary,Low,2022-01-15,Low
CUST001130,Vihaan Malhotra,Delhi,Savings,Mid,2021-10-08,Medium
CUST001131,Saanvi Agarwal,Kolkata,Salary,Low,2018-11-15,High
CUST001132,Krishna Kapoor,Patna,Current,Low,2021-04-02,High
CUST001133,Vihaan Verma,Pune,Salary,High,2020-09-19,Low
CUST001134,Kavya Desai,Vadodara,Savings,Mid,2022-01-22,Low
CUST001135,Diya Sharma,Delhi,Savings,Premium,2020-07-10,Medium
CUST001136,Ishaan Bose,Bengaluru,Salary,High,2020-03-24,High
CUST001137,Vihaan Sharma,Kolkata,Savings,Low,2021-10-05,Medium
CUST001138,Rohan Kapoor,Chennai,Savings,Low,2022-06-18,Medium
CUST001139,Neha Reddy,Chandigarh,Salary,High,2021-03-11,Medium
CUST001140,Aarohi Desai,Nagpur,Savings,Mid,2017-11-26,Low
CUST001141,Aditya Agarwal,Jaipur,Salary,High,2020-09-30,Medium
CUST001142,Diya Bansal,Chennai,Salary,Low,2020-11-06,Medium
CUST001143,Myra Verma,Chennai,Salary,Mid,2021-06-11,High
CUST001144,Myra Singh,Coimbatore,Salary,Mid,2021-08-26,High
CUST001145,Riya Verma,Jaipur,Savings,High,2022-01-27,Medium
CUST001146,Aditya Chatterjee,Hyderabad,Savings,Mid,2018-05-22,Medium
CUST001147,Saanvi Pillai,Patna,Current,Premium,2021-08-24,Medium
CUST001148,Vivaan Bansal,Patna,Savings,Mid,2018-05-01,High
CUST001149,Saanvi Agarwal,Bhopal,Salary,Premium,2019-01-25,High
CUST001150,Riya Patel,Chandigarh,Salary,High,2020-04-01,Low
CUST001151,Aditya Bansal,Surat,Salary,Mid,2017-11-10,Medium
CUST001152,Anika Pillai,Delhi,Current,Mid,2017-11-14,Low
CUST001153,Sneha Pillai,Bhopal,Salary,Mid,2019-02-14,Medium
CUST001154,Arjun Reddy,Ludhiana,Savings,Mid,2017-08-06,Low
CUST001155,Sai Gupta,Coimbatore,Salary,Mid,2021-09-25,Low
CUST001156,Arjun Verma,Kolkata,Savings,High,2020-07-18,Medium
CUST001157,Karan Joshi,Bengaluru,Savings,High,2021-10-15,Low
CUST001158,Pooja Bose,Ahmedabad,Salary,High,2021-06-22,Medium
CUST001159,Sonal Iyer,Lucknow,Salary,High,2022-06-07,High
CUST001160,Kavya Bansal,Nagpur,Savings,Mid,2019-10-29,Medium
CUST001161,Neha Singh,Lucknow,Salary,Low,2020-01-03,Low
CUST001162,Sonal Sharma,Coimbatore,Salary,Premium,2018-07-06,Medium
CUST001163,Riya Kulkarni,Ludhiana,Savings,Mid,2018-07-16,Low
CUST001164,Vihaan Joshi,Indore,Savings,Mid,2022-01-30,Medium
CUST001165,Riya Pillai,Ahmedabad,Salary,High,2019-08-27,Medium
CUST001166,Sonal Reddy,Hyderabad,Salary,Low,2019-10-07,High
CUST001167,Sneha Kapoor,Hyderabad,Salary,Low,2018-01-21,Low
CUST001168,Priya Chatterjee,Patna,Current,High,2017-12-31,Low
CUST001169,Krishna Bansal,Indore,Salary,High,2019-04-01,High
CUST001170,Riya Bose,Chandigarh,Salary,Mid,2020-04-08,Low
CUST001171,Sai Singh,Delhi,Savings,Low,2020-08-29,High
CUST001172,Isha Bose,Ahmedabad,Salary,High,2019-02-07,High
CUST001173,Vivaan Bansal,Nagpur,Savings,Low,2017-12-07,Low
CUST001174,Nikhil Patel,Lucknow,Savings,Low,2022-08-24,Medium
CUST001175,Sonal Singh,Chandigarh,Savings,Low,2017-11-21,Low
CUST001176,Aarav Malhotra,Kanpur,Current,Low,2018-05-03,Medium
CUST001177,Ishaan Singh,Surat,Savings,Premium,2018-03-12,Low
CUST001178,Neha Reddy,Chandigarh,Savings,High,2018-01-18,Low
CUST001179,Arjun Kapoor,Pune,Savings,Low,2018-10-01,Low
CUST001180,Amit Malhotra,Coimbatore,Salary,Mid,2021-05-30,Low
CUST001181,Isha Iyer,Indore,Salary,Low,2021-11-13,Low
CUST001182,Reyansh Joshi,Coimbatore,Salary,Low,2018-10-07,Low
CUST001183,Amit Kulkarni,Chandigarh,Savings,Low,2018-01-21,Medium
CUST001184,Pooja Verma,Kanpur,Salary,Mid,2020-01-12,Low
CUST001185,Aditya Kapoor,Chennai,Savings,Mid,2018-12-10,Low
CUST001186,Aadhya Nair,Bhopal,Savings,Mid,2018-07-18,Medium
CUST001187,Priya Pillai,Bhopal,Savings,Low,2022-10-04,Medium
CUST001188,Reyansh Mehta,Chennai,Savings,High,2018-03-24,Medium
CUST001189,Ayaan Verma,Delhi,Salary,Mid,2020-05-12,Medium
CUST001190,Sonal Chatterjee,Delhi,Salary,Mid,2018-12-20,High
CUST001191,Krishna Chatterjee,Kolkata,Savings,Low,2018-04-21,High
CUST001192,Anika Bansal,Coimbatore,Salary,Premium,2019-05-11,Medium
CUST001193,Karan Sharma,Hyderabad,Savings,Low,2021-07-25,Medium
CUST001194,Aarohi Bose,Kanpur,Savings,Mid,2020-06-02,High
CUST001195,Neha Desai,Chennai,Salary,Mid,2019-08-19,Medium
CUST001196,Diya Chatterjee,Patna,Savings,Low,2022-01-02,Medium
CUST001197,Rahul Iyer,Jaipur,Savings,Low,2021-04-28,High
CUST001198,Aadhya Verma,Mumbai,Salary,Low,2022-01-03,Medium
CUST001199,Amit Mehta,Vadodara,Salary,Mid,2018-02-11,Low
CUST001200,Rohan Patel,Pune,Savings,Mid,2019-02-14,Medium
CUST001201,Krishna Joshi,Kolkata,Salary,Low,2020-01-16,Low
CUST001202,Neha Sharma,Mumbai,Savings,Low,2020-04-06,Low
CUST001203,Rohan Gupta,Ahmedabad,Savings,High,2019-07-20,High
CUST001204,Ayaan Singh,Mumbai,Salary,Premium,2019-07-06,Low
CUST001205,Nikhil Singh,Surat,Salary,Mid,2020-07-18,Medium
CUST001206,Neha Chatterjee,Nagpur,Salary,Low,2020-05-06,High
CUST001207,Reyansh Rao,Jaipur,Savings,High,2021-03-24,Medium
CUST001208,Pooja Bose,Bhopal,Savings,Low,2020-09-10,High
CUST001209,Vihaan Sharma,Vadodara,Savings,Low,2020-01-20,Low
CUST001210,Kavya Bose,Kanpur,Salary,High,2019-07-04,Medium
CUST001211,Ishaan Reddy,Surat,Savings,High,2020-03-21,Medium
CUST001212,Ananya Singh,Bengaluru,Savings,Mid,2019-05-01,Medium
CUST001213,Neha Singh,Lucknow,Savings,Premium,2021-06-16,Low
CUST001214,Reyansh Nair,Surat,Savings,Low,2020-01-08,High
CUST001215,Priya Verma,Pune,Savings,Mid,2018-05-28,Medium
CUST001216,Aadhya Malhotra,Ludhiana,Savings,Low,2019-02-07,Medium
CUST001217,Rahul Sharma,Ahmedabad,Current,Mid,2019-03-31,Medium
CUST001218,Ishaan Singh,Chandigarh,Salary,Mid,2017-11-01,Low
CUST001219,Aadhya Bansal,Indore,Savings,Low,2018-10-16,Medium
CUST001220,Riya Pillai,Delhi,Salary,Mid,2018-05-06,High
CUST001221,Ananya Patel,Kolkata,Savings,Mid,2019-01-27,Low
CUST001222,Rohan Desai,Patna,Salary,Low,2017-11-02,Medium
CUST001223,Anika Kapoor,Kanpur,Savings,High,2018-03-07,Low
CUST001224,Pooja Agarwal,Chennai,Savings,Mid,2021-11-27,Low
CUST001225,Vihaan Desai,Surat,Savings,High,2022-03-15,Medium
CUST001226,Rahul Agarwal,Jaipur,Savings,Low,2018-08-23,Medium
CUST001227,Karan Malhotra,Chennai,Savings,High,2019-04-02,Medium
CUST001228,Ayaan Chatterjee,Bengaluru,Salary,Low,2021-09-01,Low
CUST001229,Saanvi Malhotra,Surat,Salary,Mid,2020-11-01,High
CUST001230,Riya Kapoor,Jaipur,Savings,Mid,2020-04-27,Low
CUST001231,Aarohi Verma,Hyderabad,Savings,High,2018-01-23,Medium
CUST001232,Riya Bose,Vadodara,Savings,Low,2022-07-10,Low
CUST001233,Priya Mehta,Chandigarh,Salary,Premium,2020-02-12,High
CUST001234,Neha Bansal,Hyderabad,Salary,Low,2019-12-13,Medium
CUST001235,Saanvi Verma,Surat,Salary,Low,2018-01-14,High
CUST001236,Arjun Mehta,Ahmedabad,Salary,High,2020-12-31,Low
CUST001237,Riya Rao,Indore,Current,Low,2022-02-12,Low
CUST001238,Neha Gupta,Lucknow,Salary,High,2018-07-21,Medium
CUST001239,Aarohi Malhotra,Bengaluru,Savings,Premium,2019-05-20,Medium
CUST001240,Ananya Verma,Chennai,Savings,Low,2022-11-23,Low
CUST001241,Krishna Mehta,Coimbatore,Salary,Low,2018-08-27,High
CUST001242,Riya Gupta,Chennai,Savings,Low,2020-03-05,High
CUST001243,Arjun Bose,Bengaluru,Savings,Low,2020-06-27,Low
CUST001244,Aadhya Joshi,Indore,Savings,Mid,2020-03-30,High
CUST001245,Aarav Verma,Nagpur,Savings,Mid,2019-12-05,Low
CUST001246,Rahul Chatterjee,Kolkata,Salary,Mid,2017-08-05,Medium
CUST001247,Priya Malhotra,Mumbai,Salary,High,2018-09-04,High
CUST001248,Reyansh Sharma,Bhopal,Salary,High,2019-02-16,Low
CUST001249,Rohan Patel,Mumbai,Savings,Low,2021-08-26,Medium
CUST001250,Ishaan Nair,Kanpur,Savings,Mid,2022-05-06,High
CUST001251,Anika Pillai,Nagpur,Current,High,2021-03-16,Medium
CUST001252,Aditya Verma,Chennai,Savings,Mid,2021-04-01,Low
CUST001253,Myra Kulkarni,Surat,Savings,Low,2019-07-30,Medium
CUST001254,Ananya Joshi,Bhopal,Savings,High,2017-12-10,Medium
CUST001255,Ananya Desai,Ahmedabad,Savings,Mid,2020-11-27,Medium
CUST001256,Sai Bansal,Kolkata,Salary,Low,2022-10-24,Medium
CUST001257,Ayaan Nair,Pune,Savings,Low,2021-09-26,Medium
CUST001258,Riya Kulkarni,Mumbai,Savings,High,2021-12-21,Medium
CUST001259,Diya Verma,Hyderabad,Current,Mid,2020-10-25,High
CUST001260,Amit Agarwal,Jaipur,Salary,Mid,2019-06-05,High
CUST001261,Isha Verma,Delhi,Savings,Mid,2019-03-18,Low
CUST001262,Rohan Sharma,Hyderabad,Salary,High,2022-08-26,Low
CUST001263,Saanvi Rao,Hyderabad,Savings,Mid,2020-10-15,Low
CUST001264,Kavya Singh,Hyderabad,Savings,Premium,2020-04-05,Low
CUST001265,Reyansh Sharma,Ahmedabad,Salary,Mid,2021-03-26,Low
CUST001266,Karan Reddy,Indore,Savings,Mid,2019-03-17,Low
CUST001267,Krishna Bose,Bhopal,Salary,Low,2019-07-11,Low
CUST001268,Saanvi Reddy,Ahmedabad,Salary,Premium,2020-01-20,High
CUST001269,Vihaan Kapoor,Ludhiana,Current,Low,2022-04-13,Medium
CUST001270,Aarohi Mehta,Hyderabad,Savings,Low,2019-07-04,Low
CUST001271,Amit Singh,Kolkata,Savings,Mid,2018-04-05,Low
CUST001272,Reyansh Chatterjee,Bhopal,Savings,Mid,2018-12-23,Medium
CUST001273,Ishaan Gupta,Indore,Salary,Mid,2022-09-13,High
CUST001274,Aarohi Mehta,Patna,Savings,Mid,2019-01-23,Medium
CUST001275,Ananya Patel,Chandigarh,Savings,High,2022-11-27,Low
CUST001276,Karan Iyer,Mumbai,Savings,Low,2017-11-01,Medium
CUST001277,Pooja Pillai,Hyderabad,Savings,High,2019-03-03,Medium
CUST001278,Arjun Iyer,Chandigarh,Salary,High,2018-07-20,Medium
CUST001279,Aditya Reddy,Bhopal,Savings,Mid,2017-11-06,High
CUST001280,Rohan Patel,Jaipur,Current,Low,2020-05-11,Medium
CUST001281,Krishna Rao,Surat,Savings,Mid,2022-08-22,Medium
CUST001282,Pooja Gupta,Hyderabad,Savings,Mid,2018-01-07,Medium
CUST001283,Neha Kapoor,Delhi,Salary,Premium,2020-11-25,Medium
CUST001284,Saanvi Reddy,Lucknow,Savings,Low,2022-05-22,Low
CUST001285,Aarav Nair,Delhi,Current,Mid,2019-03-15,Medium
CUST001286,Ananya Chatterjee,Chennai,Savings,Low,2017-11-27,Medium
CUST001287,Isha Singh,Coimbatore,Salary,Mid,2017-12-29,High
CUST001288,Diya Malhotra,Bengaluru,Savings,Mid,2021-11-23,Low
CUST001289,Aadhya Bansal,Hyderabad,Savings,Low,2017-07-11,Medium
CUST001290,Krishna Bansal,Coimbatore,Salary,Mid,2019-01-20,Low
CUST001291,Sneha Joshi,Chandigarh,Savings,Mid,2019-04-14,Low
CUST001292,Vihaan Nair,Chennai,Savings,High,2019-01-07,Medium
CUST001293,Neha Gupta,Delhi,Salary,Low,2022-05-04,Medium
CUST001294,Sonal Pillai,Indore,Savings,Low,2020-03-19,Medium
CUST001295,Karan Rao,Vadodara,Savings,Premium,2021-11-26,High
CUST001296,Aadhya Chatterjee,Ludhiana,Current,Premium,2019-06-29,Medium
CUST001297,Neha Nair,Mumbai,Savings,Mid,2020-03-18,Medium
CUST001298,Vihaan Joshi,Chandigarh,Salary,Mid,2020-06-13,Medium
CUST001299,Aditya Singh,Delhi,Salary,High,2019-04-01,Low
CUST001300,Aarav Kulkarni,Lucknow,Savings,High,2018-08-14,High
CUST001301,Rahul Pillai,Vadodara,Savings,Mid,2021-08-31,High
CUST001302,Anika Kulkarni,Lucknow,Salary,Low,2019-01-23,Medium
CUST001303,Vihaan Joshi,Ludhiana,Savings,Mid,2019-03-18,Medium
CUST001304,Aarohi Chatterjee,Pune,Savings,Low,2019-03-14,Low
CUST001305,Arjun Agarwal,Nagpur,Current,Low,2017-12-02,High
CUST001306,Vivaan Sharma,Ludhiana,Salary,Mid,2019-04-25,Medium
CUST001307,Anika Desai,Chennai,Salary,Mid,2018-02-22,High
CUST001308,Neha Gupta,Chandigarh,Salary,Mid,2022-07-02,Low
CUST001309,Ananya Patel,Chandigarh,Savings,Premium,2021-01-24,Medium
CUST001310,Vivaan Kulkarni,Jaipur,Salary,Mid,2021-09-02,Low
CUST001311,Rohan Bansal,Patna,Savings,Premium,2020-08-29,Medium
CUST001312,Aditya Rao,Pune,Savings,Low,2020-06-06,Medium
CUST001313,Myra Iyer,Vadodara,Savings,Mid,2018-02-12,Low
CUST001314,Myra Malhotra,Chandigarh,Salary,Mid,2022-04-03,High
CUST001315,Rahul Sharma,Chandigarh,Savings,Low,2022-05-06,Low
CUST001316,Saanvi Verma,Nagpur,Salary,Low,2019-10-18,Medium
CUST001317,Aarav Iyer,Patna,Savings,Low,2018-06-25,Low
CUST001318,Isha Kapoor,Ludhiana,Current,High,2017-12-06,Low
CUST001319,Kavya Mehta,Bhopal,Salary,Low,2019-04-02,High
CUST001320,Ananya Chatterjee,Coimbatore,Savings,Mid,2018-04-17,Low
CUST001321,Pooja Patel,Delhi,Savings,Mid,2018-03-09,Low
CUST001322,Ananya Agarwal,Coimbatore,Savings,Mid,2018-08-14,Medium
CUST001323,Isha Desai,Ludhiana,Savings,Low,2018-11-26,Medium
CUST001324,Nikhil Rao,Kanpur,Current,Mid,2022-04-13,Medium
CUST001325,Amit Patel,Hyderabad,Salary,Low,2022-11-28,Low
CUST001326,Diya Kapoor,Lucknow,Savings,High,2019-11-07,Medium
CUST001327,Diya Reddy,Bhopal,Savings,Low,2022-08-31,High
CUST001328,Aarohi Nair,Chennai,Savings,High,2018-04-24,Low
CUST001329,Vihaan Singh,Indore,Current,High,2019-06-30,Low
CUST001330,Reyansh Reddy,Kolkata,Savings,Mid,2017-09-14,High
CUST001331,Reyansh Rao,Nagpur,Savings,Low,2018-04-19,Medium
CUST001332,Nikhil Malhotra,Kolkata,Savings,Low,2022-04-26,Medium
CUST001333,Vivaan Pillai,Indore,Savings,Low,2022-03-25,Medium
CUST001334,Myra Pillai,Coimbatore,Salary,Low,2017-07-23,High
CUST001335,Arjun Desai,Bhopal,Savings,High,2022-11-24,Low
CUST001336,Rahul Verma,Bhopal,Savings,Low,2019-10-26,Medium
CUST001337,Pooja Pillai,Indore,Savings,Mid,2020-03-18,Low
CUST001338,Amit Gupta,Bhopal,Salary,Mid,2019-01-16,Low
CUST001339,Sai Nair,Vadodara,Savings,Mid,2022-05-04,High
CUST001340,Karan Bose,Nagpur,Savings,High,2019-07-10,Low
CUST001341,Anika Bansal,Lucknow,Savings,Mid,2020-07-28,Medium
CUST001342,Sonal Patel,Ludhiana,Salary,High,2021-05-21,High
CUST001343,Ananya Kapoor,Nagpur,Savings,Mid,2020-05-19,Medium
CUST001344,Arjun Joshi,Ahmedabad,Salary,Mid,2019-07-18,Low
CUST001345,Ishaan Agarwal,Bhopal,Current,Low,2018-02-04,Low
CUST001346,Nikhil Agarwal,Lucknow,Current,Premium,2019-05-17,Medium
CUST001347,Reyansh Mehta,Kolkata,Salary,Mid,2019-06-03,High
CUST001348,Karan Chatterjee,Surat,Savings,Low,2017-10-03,Medium
CUST001349,Nikhil Gupta,Ahmedabad,Savings,Mid,2020-02-05,Medium
CUST001350,Nikhil Malhotra,Patna,Salary,Mid,2018-12-09,Low
CUST001351,Amit Chatterjee,Hyderabad,Salary,Premium,2019-10-08,High
CUST001352,Riya Pillai,Chandigarh,Salary,Mid,2017-08-20,Low
CUST001353,Karan Agarwal,Indore,Savings,High,2021-04-26,High
CUST001354,Sneha Sharma,Indore,Savings,Premium,2019-12-28,Low
CUST001355,Aarav Bansal,Hyderabad,Savings,High,2022-02-08,High
CUST001356,Karan Verma,Delhi,Savings,Low,2021-10-19,High
CUST001357,Amit Gupta,Jaipur,Salary,Mid,2021-04-25,Medium
CUST001358,Arjun Verma,Jaipur,Salary,Mid,2019-01-18,Medium
CUST001359,Reyansh Agarwal,Surat,Salary,Mid,2022-09-27,Medium
CUST001360,Pooja Rao,Kanpur,Salary,Low,2022-05-07,Low
CUST001361,Neha Agarwal,Ludhiana,Savings,Mid,2018-01-26,Medium
CUST001362,Rahul Agarwal,Pune,Savings,High,2020-09-27,Low
CUST001363,Anika Kapoor,Pune,Salary,Low,2019-01-13,High
CUST001364,Sonal Bansal,Delhi,Salary,Low,2020-09-30,Medium
CUST001365,Sneha Malhotra,Indore,Current,Mid,2019-10-29,Medium
CUST001366,Aarav Singh,Delhi,Savings,Mid,2021-10-13,Low
CUST001367,Neha Rao,Ludhiana,Savings,Low,2018-04-08,Medium
CUST001368,Sonal Chatterjee,Pune,Savings,Mid,2018-09-08,Low
CUST001369,Kavya Bose,Vadodara,Salary,Low,2021-10-26,High
CUST001370,Ishaan Rao,Kolkata,Salary,Low,2021-12-04,Medium
CUST001371,Sai Gupta,Bengaluru,Savings,Mid,2018-10-19,Low
CUST001372,Vihaan Bansal,Bhopal,Salary,Low,2022-09-10,Medium
CUST001373,Krishna Agarwal,Indore,Savings,High,2021-06-09,Low
CUST001374,Sai Pillai,Ahmedabad,Savings,High,2018-03-06,Medium
CUST001375,Aarav Malhotra,Jaipur,Current,Mid,2020-04-21,Medium
CUST001376,Vivaan Nair,Ahmedabad,Salary,Mid,2017-09-18,High
CUST001377,Isha Verma,Lucknow,Savings,Low,2018-08-01,Low
CUST001378,Pooja Kapoor,Ludhiana,Salary,Low,2020-03-03,Medium
CUST001379,Kavya Chatterjee,Vadodara,Savings,Mid,2022-07-06,Medium
CUST001380,Anika Patel,Lucknow,Salary,Low,2017-07-22,Medium
CUST001381,Anika Iyer,Chennai,Savings,Low,2018-07-06,Low
CUST001382,Sai Joshi,Bhopal,Current,High,2019-11-16,Medium
CUST001383,Aadhya Iyer,Patna,Savings,Low,2020-12-17,Medium
CUST001384,Priya Mehta,Pune,Savings,High,2019-03-15,Low
CUST001385,Ananya Chatterjee,Lucknow,Savings,High,2021-04-10,Low
CUST001386,Amit Bose,Kolkata,Savings,Low,2019-12-12,High
CUST001387,Kavya Sharma,Chandigarh,Salary,Premium,2022-04-12,Medium
CUST001388,Myra Patel,Kanpur,Savings,Low,2017-11-06,Medium
CUST001389,Sonal Bose,Ludhiana,Savings,Mid,2021-07-21,Low
CUST001390,Karan Malhotra,Delhi,Savings,Low,2020-10-12,Low
CUST001391,Aadhya Singh,Hyderabad,Current,Low,2019-11-22,Medium
CUST001392,Aarav Kulkarni,Surat,Salary,Mid,2018-04-24,High
CUST001393,Anika Kulkarni,Kanpur,Salary,Mid,2020-06-03,Medium
CUST001394,Vivaan Kapoor,Chandigarh,Savings,Low,2017-11-19,Medium
CUST001395,Ananya Kulkarni,Kolkata,Savings,Mid,2022-06-17,Low
CUST001396,Sai Agarwal,Hyderabad,Savings,Mid,2019-12-06,Medium
CUST001397,Rohan Iyer,Mumbai,Salary,Mid,2021-09-27,Medium
CUST001398,Neha Joshi,Kolkata,Savings,High,2018-03-27,Medium
CUST001399,Reyansh Agarwal,Hyderabad,Savings,Mid,2018-04-10,Low
CUST001400,Rohan Iyer,Indore,Savings,Low,2018-09-25,Medium
CUST001401,Aarav Rao,Ahmedabad,Savings,High,2018-11-25,Low
CUST001402,Vivaan Iyer,Lucknow,Savings,Premium,2022-07-05,Medium
CUST001403,Sai Singh,Delhi,Savings,Mid,2019-10-17,Low
CUST001404,Riya Patel,Bengaluru,Savings,Low,2017-10-24,Medium
CUST001405,Saanvi Bansal,Jaipur,Savings,Mid,2020-05-23,Medium
CUST001406,Saanvi Malhotra,Nagpur,Savings,High,2022-10-29,Medium
CUST001407,Karan Reddy,Nagpur,Savings,Mid,2019-12-03,Medium
CUST001408,Rohan Bose,Mumbai,Salary,Mid,2022-07-26,High
CUST001409,Vivaan Iyer,Vadodara,Salary,Mid,2020-11-30,Medium
CUST001410,Vihaan Kapoor,Bhopal,Savings,Mid,2018-07-05,Low
CUST001411,Isha Iyer,Surat,Salary,High,2021-05-05,Medium
CUST001412,Aadhya Bansal,Coimbatore,Savings,High,2018-04-24,Medium
CUST001413,Aarohi Gupta,Mumbai,Salary,Low,2019-12-06,Medium
CUST001414,Arjun Bansal,Pune,Salary,Low,2018-06-15,Medium
CUST001415,Ishaan Nair,Patna,Savings,High,2021-04-01,Medium
CUST001416,Aarav Agarwal,Kanpur,Savings,Premium,2018-01-06,Low
CUST001417,Arjun Reddy,Patna,Current,Mid,2022-09-08,Medium
CUST001418,Riya Bose,Mumbai,Savings,Low,2020-09-16,Medium
CUST001419,Kavya Iyer,Patna,Salary,Low,2021-03-18,High
CUST001420,Rahul Chatterjee,Kolkata,Savings,Mid,2021-09-25,Medium
CUST001421,Priya Kulkarni,Indore,Salary,Low,2022-02-14,Medium
CUST001422,Sai Patel,Chennai,Salary,Mid,2019-06-18,Medium
CUST001423,Reyansh Reddy,Jaipur,Savings,Mid,2021-11-26,High
CUST001424,Neha Verma,Vadodara,Salary,Premium,2018-02-23,High
CUST001425,Myra Agarwal,Patna,Savings,Low,2022-07-06,Medium
CUST001426,Karan Iyer,Surat,Savings,Mid,2021-07-07,Medium
CUST001427,Reyansh Pillai,Hyderabad,Savings,Low,2020-03-10,Low
CUST001428,Diya Nair,Lucknow,Savings,High,2019-02-27,Low
CUST001429,Vihaan Kapoor,Pune,Salary,Mid,2019-06-13,High
CUST001430,Priya Mehta,Bengaluru,Savings,Mid,2021-02-20,High
CUST001431,Myra Malhotra,Chandigarh,Savings,Mid,2019-06-19,Medium
CUST001432,Nikhil Pillai,Surat,Savings,High,2022-01-24,Low
CUST001433,Riya Chatterjee,Vadodara,Savings,Low,2018-05-23,Medium
CUST001434,Saanvi Gupta,Lucknow,Savings,Mid,2022-11-23,High
CUST001435,Ayaan Patel,Lucknow,Salary,High,2018-12-05,High
CUST001436,Krishna Chatterjee,Indore,Savings,Low,2022-03-02,Medium
CUST001437,Priya Desai,Lucknow,Salary,High,2020-04-29,Low
CUST001438,Diya Kapoor,Coimbatore,Savings,Premium,2020-03-10,High
CUST001439,Vihaan Gupta,Patna,Savings,Premium,2019-04-20,Medium
CUST001440,Aditya Singh,Ludhiana,Savings,Low,2018-02-08,Medium
CUST001441,Priya Agarwal,Ahmedabad,Current,Mid,2021-10-26,Medium
CUST001442,Rahul Iyer,Jaipur,Salary,Mid,2018-11-04,High
CUST001443,Priya Sharma,Bengaluru,Current,Low,2018-02-27,Low
CUST001444,Rohan Sharma,Bhopal,Savings,High,2018-05-13,Low
CUST001445,Riya Bansal,Vadodara,Salary,Mid,2018-08-10,Medium
CUST001446,Reyansh Verma,Vadodara,Salary,Low,2019-10-30,High
CUST001447,Kavya Agarwal,Jaipur,Savings,Mid,2020-04-10,Medium
CUST001448,Diya Bansal,Ahmedabad,Salary,Low,2021-09-01,High
CUST001449,Rahul Kapoor,Vadodara,Savings,Mid,2022-03-03,Medium
CUST001450,Anika Kulkarni,Coimbatore,Salary,Mid,2022-05-31,Medium
CUST001451,Diya Kulkarni,Nagpur,Salary,High,2022-11-11,Medium
CUST001452,Neha Bose,Pune,Savings,Premium,2019-01-31,Medium
CUST001453,Amit Kulkarni,Chennai,Salary,Low,2022-02-18,Medium
CUST001454,Sai Gupta,Coimbatore,Savings,Low,2019-09-30,Medium
CUST001455,Karan Nair,Vadodara,Savings,High,2018-10-17,Low
CUST001456,Diya Verma,Chandigarh,Savings,Mid,2021-09-10,Medium
CUST001457,Ayaan Iyer,Chandigarh,Savings,Low,2021-06-09,Low
CUST001458,Ayaan Verma,Kanpur,Savings,Mid,2019-03-04,Medium
CUST001459,Anika Chatterjee,Kolkata,Savings,Mid,2020-09-29,Medium
CUST001460,Sonal Rao,Chandigarh,Savings,High,2017-12-23,Medium
CUST001461,Vivaan Malhotra,Delhi,Savings,Low,2022-05-05,Medium
CUST001462,Rohan Singh,Bhopal,Salary,Mid,2018-03-29,Medium
CUST001463,Riya Agarwal,Jaipur,Savings,Premium,2019-09-22,Low
CUST001464,Aadhya Bansal,Chennai,Savings,Low,2020-11-14,Medium
CUST001465,Rohan Iyer,Vadodara,Savings,Mid,2020-01-09,High
CUST001466,Aadhya Patel,Jaipur,Savings,High,2020-01-10,Low
CUST001467,Diya Chatterjee,Nagpur,Savings,Low,2020-03-10,Low
CUST001468,Priya Bose,Chandigarh,Savings,Mid,2022-11-19,Medium
CUST001469,Priya Nair,Bhopal,Salary,Premium,2020-06-15,High
CUST001470,Ayaan Iyer,Chennai,Savings,Low,2020-01-14,Medium
CUST001471,Reyansh Nair,Jaipur,Savings,Low,2021-11-15,Medium
CUST001472,Diya Bose,Chennai,Savings,Mid,2018-11-24,Medium
CUST001473,Karan Patel,Hyderabad,Savings,Mid,2020-08-05,Medium
CUST001474,Rahul Reddy,Lucknow,Savings,Low,2020-03-21,High
CUST001475,Aarohi Mehta,Chandigarh,Salary,Mid,2019-08-11,Medium
CUST001476,Rohan Joshi,Chennai,Savings,Mid,2022-10-18,Low
CUST001477,Vivaan Nair,Pune,Salary,Low,2019-09-15,Medium
CUST001478,Sai Nair,Vadodara,Savings,Mid,2019-05-23,High
CUST001479,Vivaan Pillai,Bhopal,Savings,Low,2022-02-05,Medium
CUST001480,Sai Singh,Delhi,Current,High,2017-09-30,Low
CUST001481,Anika Bansal,Chennai,Salary,High,2019-07-24,Low
CUST001482,Rohan Sharma,Vadodara,Savings,Mid,2017-12-29,High
CUST001483,Aditya Mehta,Surat,Salary,Low,2020-05-27,Medium
CUST001484,Aarohi Desai,Ludhiana,Savings,High,2021-12-18,Medium
CUST001485,Pooja Joshi,Pune,Salary,High,2019-07-21,High
CUST001486,Sneha Pillai,Ahmedabad,Salary,Low,2018-04-27,Low
CUST001487,Isha Kulkarni,Chennai,Savings,Mid,2021-06-09,Medium
CUST001488,Rahul Malhotra,Chennai,Current,Mid,2017-10-01,Low
CUST001489,Isha Pillai,Coimbatore,Savings,Mid,2022-07-15,Low
CUST001490,Aadhya Bansal,Pune,Current,Low,2022-03-07,High
CUST001491,Aarav Mehta,Hyderabad,Current,High,2019-12-28,Low
CUST001492,Karan Joshi,Bhopal,Salary,Mid,2018-04-15,Medium
CUST001493,Isha Reddy,Ahmedabad,Savings,Mid,2021-12-04,Medium
CUST001494,Priya Bose,Chandigarh,Savings,Mid,2019-07-23,Medium
CUST001495,Priya Agarwal,Delhi,Salary,Mid,2020-02-06,Low
CUST001496,Aditya Desai,Hyderabad,Savings,High,2019-03-23,Medium
CUST001497,Priya Bose,Ahmedabad,Salary,High,2019-11-24,Low
CUST001498,Priya Joshi,Mumbai,Salary,Mid,2019-12-29,Medium
CUST001499,Diya Verma,Indore,Salary,High,2019-01-04,Medium
CUST001500,Saanvi Patel,Bhopal,Savings,Low,2017-08-29,Medium
CUST001501,Sneha Bansal,Chandigarh,Savings,Mid,2020-12-15,Low
CUST001502,Sneha Pillai,Vadodara,Savings,Low,2022-05-16,Low
CUST001503,Arjun Singh,Indore,Savings,High,2020-03-30,Medium
CUST001504,Sonal Iyer,Pune,Savings,Premium,2021-05-01,Medium
CUST001505,Priya Agarwal,Ludhiana,Salary,Low,2020-08-18,Medium
CUST001506,Reyansh Sharma,Jaipur,Savings,Mid,2018-12-11,High
CUST001507,Riya Kulkarni,Mumbai,Savings,Low,2022-04-05,High
CUST001508,Aarav Bansal,Bhopal,Salary,Mid,2019-04-02,Medium
CUST001509,Nikhil Malhotra,Kolkata,Savings,High,2020-08-17,Medium
CUST001510,Vihaan Nair,Kanpur,Salary,High,2020-07-13,Low
CUST001511,Krishna Singh,Vadodara,Savings,Low,2018-02-16,Low
CUST001512,Saanvi Pillai,Patna,Salary,Low,2020-11-14,Medium
CUST001513,Krishna Bansal,Ludhiana,Salary,Mid,2018-09-08,Low
CUST001514,Saanvi Agarwal,Kolkata,Savings,Low,2018-07-11,Medium
CUST001515,Aarohi Gupta,Patna,Savings,Low,2020-11-04,Medium
CUST001516,Kavya Desai,Patna,Savings,High,2021-07-01,Medium
CUST001517,Riya Chatterjee,Surat,Salary,Mid,2018-07-31,High
CUST001518,Rahul Nair,Nagpur,Savings,Low,2018-02-15,High
CUST001519,Rahul Patel,Hyderabad,Salary,Mid,2020-06-01,Medium
CUST001520,Vihaan Mehta,Chennai,Current,Mid,2020-01-26,High
CUST001521,Sneha Malhotra,Nagpur,Savings,High,2018-06-06,High
CUST001522,Isha Verma,Patna,Savings,Low,2022-01-07,High
CUST001523,Rohan Sharma,Nagpur,Savings,Low,2018-05-30,Low
CUST001524,Pooja Nair,Bengaluru,Savings,High,2020-04-11,Medium
CUST001525,Saanvi Iyer,Ludhiana,Salary,Low,2022-07-24,Medium
CUST001526,Ayaan Chatterjee,Jaipur,Savings,Low,2022-06-22,Low
CUST001527,Vivaan Bansal,Ludhiana,Salary,Premium,2017-09-13,High
CUST001528,Isha Kulkarni,Nagpur,Salary,Low,2021-04-25,Medium
CUST001529,Vivaan Gupta,Ludhiana,Current,Mid,2019-05-01,Medium
CUST001530,Myra Sharma,Chandigarh,Salary,Low,2021-10-15,Medium
CUST001531,Ishaan Mehta,Bhopal,Savings,Mid,2022-09-25,Medium
CUST001532,Anika Kulkarni,Ludhiana,Savings,Low,2019-01-02,Medium
CUST001533,Isha Gupta,Pune,Savings,High,2019-02-21,Medium
CUST001534,Diya Patel,Delhi,Savings,Low,2019-04-01,Medium
CUST001535,Sai Iyer,Mumbai,Savings,High,2021-05-16,Medium
CUST001536,Diya Bansal,Nagpur,Salary,High,2020-08-24,Low
CUST001537,Reyansh Kulkarni,Vadodara,Savings,Premium,2022-11-01,Medium
CUST001538,Sonal Iyer,Bengaluru,Savings,Low,2019-11-03,Low
CUST001539,Rahul Agarwal,Surat,Savings,Low,2017-10-16,High
CUST001540,Diya Chatterjee,Vadodara,Savings,High,2018-05-07,High
CUST001541,Ayaan Bose,Jaipur,Salary,High,2021-10-30,Low
CUST001542,Sonal Bansal,Coimbatore,Current,Mid,2019-09-12,Medium
CUST001543,Krishna Gupta,Mumbai,Savings,Low,2020-08-21,Medium
CUST001544,Vihaan Agarwal,Bhopal,Savings,Mid,2022-07-07,Medium
CUST001545,Ishaan Malhotra,Bhopal,Salary,High,2017-08-11,Low
CUST001546,Sneha Kulkarni,Hyderabad,Savings,Premium,2017-07-22,Medium
CUST001547,Priya Agarwal,Jaipur,Salary,High,2018-05-12,High
CUST001548,Krishna Rao,Vadodara,Salary,Low,2020-10-21,Low
CUST001549,Aarohi Patel,Vadodara,Salary,High,2018-09-03,Medium
CUST001550,Amit Rao,Lucknow,Salary,Low,2019-02-06,Low
CUST001551,Priya Pillai,Coimbatore,Salary,Low,2018-02-01,Medium
CUST001552,Aarohi Reddy,Mumbai,Savings,High,2021-06-22,Low
CUST001553,Aadhya Patel,Bengaluru,Savings,High,2019-02-15,Low
CUST001554,Sneha Malhotra,Pune,Savings,High,2020-08-10,Medium
CUST001555,Anika Agarwal,Kanpur,Salary,Mid,2022-11-13,High
CUST001556,Ayaan Kapoor,Jaipur,Savings,High,2022-05-26,High
CUST001557,Karan Malhotra,Nagpur,Salary,Mid,2022-06-30,Medium
CUST001558,Sonal Gupta,Patna,Salary,High,2020-04-01,Low
CUST001559,Diya Mehta,Lucknow,Salary,Mid,2017-11-27,Low
CUST001560,Krishna Gupta,Vadodara,Salary,Premium,2017-08-11,Medium
CUST001561,Aarohi Mehta,Kolkata,Savings,Low,2021-08-09,High
CUST001562,Neha Singh,Pune,Salary,Low,2021-10-05,Medium
CUST001563,Reyansh Patel,Pune,Savings,Low,2018-03-26,Medium
CUST001564,Diya Nair,Ludhiana,Savings,Premium,2018-07-21,Medium
CUST001565,Vihaan Iyer,Hyderabad,Savings,Low,2019-02-17,Medium
CUST001566,Isha Sharma,Chandigarh,Savings,High,2018-08-20,Medium
CUST001567,Vivaan Desai,Patna,Current,Low,2020-11-02,Low
CUST001568,Ananya Desai,Ludhiana,Salary,Low,2017-11-19,Medium
CUST001569,Neha Singh,Vadodara,Savings,Mid,2020-03-02,Medium
CUST001570,Amit Kulkarni,Chennai,Salary,Low,2021-05-08,Medium
CUST001571,Ayaan Pillai,Nagpur,Savings,Mid,2022-03-15,Low
CUST001572,Anika Joshi,Delhi,Savings,High,2020-03-28,Medium
CUST001573,Vivaan Kulkarni,Patna,Current,Mid,2020-12-21,Medium
CUST001574,Neha Gupta,Nagpur,Savings,Premium,2020-05-10,Low
CUST001575,Nikhil Kulkarni,Hyderabad,Savings,Low,2020-05-04,Low
CUST001576,Nikhil Sharma,Lucknow,Current,Low,2022-11-08,High
CUST001577,Aadhya Pillai,Kolkata,Savings,High,2022-05-10,Low
CUST001578,Diya Bose,Lucknow,Salary,Low,2018-02-01,High
CUST001579,Sai Agarwal,Jaipur,Savings,Mid,2021-06-12,Medium
CUST001580,Krishna Desai,Pune,Savings,Low,2017-07-18,Medium
CUST001581,Ananya Chatterjee,Ludhiana,Savings,High,2021-11-21,Low
CUST001582,Saanvi Mehta,Chandigarh,Savings,Premium,2020-07-27,Low
CUST001583,Diya Bansal,Kanpur,Savings,Low,2021-05-09,Medium
CUST001584,Sai Pillai,Coimbatore,Savings,High,2022-03-09,Medium
CUST001585,Karan Patel,Vadodara,Savings,Mid,2018-05-10,High
CUST001586,Rahul Singh,Hyderabad,Savings,High,2018-05-31,Medium
CUST001587,Kavya Joshi,Pune,Current,Mid,2018-02-13,Medium
CUST001588,Reyansh Nair,Nagpur,Salary,Premium,2018-06-08,Low
CUST001589,Aarohi Sharma,Ahmedabad,Current,Mid,2021-12-06,High
CUST001590,Aarohi Nair,Indore,Salary,Low,2017-11-29,Medium
CUST001591,Kavya Malhotra,Bhopal,Savings,Low,2018-07-08,Low
CUST001592,Ishaan Singh,Chandigarh,Savings,High,2019-10-08,High
CUST001593,Vivaan Bansal,Vadodara,Savings,Low,2022-05-14,Low
CUST001594,Vivaan Mehta,Chennai,Savings,Low,2018-05-11,Low
CUST001595,Aarohi Reddy,Jaipur,Savings,Mid,2020-05-25,Medium
CUST001596,Krishna Chatterjee,Lucknow,Salary,Mid,2020-11-25,High
CUST001597,Kavya Singh,Patna,Savings,Mid,2020-12-28,Low
CUST001598,Saanvi Reddy,Mumbai,Savings,Premium,2020-12-13,Low
CUST001599,Reyansh Pillai,Ludhiana,Savings,Low,2019-09-10,Low
CUST001600,Sai Kapoor,Patna,Savings,High,2020-12-05,Medium
CUST001601,Karan Kulkarni,Lucknow,Savings,Low,2020-03-09,High
CUST001602,Priya Iyer,Coimbatore,Salary,Low,2020-10-13,Medium
CUST001603,Ishaan Rao,Ludhiana,Current,Low,2019-05-19,Low
CUST001604,Neha Gupta,Ahmedabad,Savings,High,2019-05-01,High
CUST001605,Saanvi Bose,Lucknow,Savings,Low,2019-09-19,Medium
CUST001606,Neha Iyer,Nagpur,Current,Premium,2022-06-23,High
CUST001607,Ananya Patel,Chennai,Savings,High,2021-02-28,Low
CUST001608,Rohan Kapoor,Lucknow,Savings,Low,2018-12-09,Medium
CUST001609,Isha Bansal,Jaipur,Savings,Mid,2021-05-26,Medium
CUST001610,Amit Chatterjee,Coimbatore,Savings,Low,2018-09-23,Medium
CUST001611,Anika Rao,Vadodara,Salary,High,2020-08-07,Medium
CUST001612,Sai Sharma,Chennai,Savings,Low,2022-03-21,Low
CUST001613,Karan Singh,Pune,Savings,Mid,2017-08-24,Low
CUST001614,Reyansh Gupta,Bengaluru,Current,Low,2020-09-10,High
CUST001615,Vihaan Iyer,Hyderabad,Savings,Mid,2017-09-01,Low
CUST001616,Kavya Verma,Chandigarh,Current,Mid,2022-10-10,Low
CUST001617,Anika Iyer,Nagpur,Savings,High,2022-05-04,High
CUST001618,Isha Nair,Jaipur,Salary,Mid,2022-06-13,Medium
CUST001619,Ishaan Patel,Nagpur,Savings,Mid,2021-07-14,Low
CUST001620,Myra Nair,Surat,Current,Premium,2022-03-09,High
CUST001621,Pooja Gupta,Bhopal,Salary,Mid,2022-10-05,Low
CUST001622,Karan Chatterjee,Delhi,Savings,Low,2018-02-04,Medium
CUST001623,Neha Desai,Lucknow,Savings,Mid,2020-04-20,Medium
CUST001624,Sonal Singh,Patna,Savings,High,2019-11-05,Low
CUST001625,Arjun Agarwal,Coimbatore,Savings,Low,2021-12-05,Low
CUST001626,Isha Rao,Vadodara,Salary,Mid,2019-05-20,Medium
CUST001627,Saanvi Kulkarni,Vadodara,Salary,Mid,2019-05-02,Low
CUST001628,Ishaan Chatterjee,Patna,Salary,Mid,2020-03-21,Low
CUST001629,Ayaan Iyer,Patna,Salary,Low,2020-06-11,Medium
CUST001630,Diya Joshi,Surat,Savings,Mid,2021-06-18,Medium
CUST001631,Ishaan Sharma,Ahmedabad,Savings,Low,2022-12-02,Medium
CUST001632,Pooja Nair,Bhopal,Savings,Low,2020-12-28,Low
CUST001633,Aarohi Agarwal,Surat,Savings,Low,2022-11-15,Low
CUST001634,Amit Desai,Chandigarh,Savings,High,2021-03-29,Medium
CUST001635,Amit Joshi,Mumbai,Savings,Low,2018-06-12,High
CUST001636,Isha Patel,Surat,Current,Low,2018-06-15,Low
CUST001637,Kavya Chatterjee,Mumbai,Savings,High,2021-11-11,High
CUST001638,Priya Agarwal,Indore,Savings,Mid,2020-06-20,Low
CUST001639,Ayaan Gupta,Nagpur,Current,Low,2018-11-29,Medium
CUST001640,Pooja Bansal,Nagpur,Salary,Mid,2021-09-07,Medium
CUST001641,Aditya Joshi,Jaipur,Salary,Premium,2019-06-01,Medium
CUST001642,Anika Bose,Pune,Savings,High,2018-05-24,Low
CUST001643,Ishaan Agarwal,Jaipur,Savings,Mid,2018-05-21,Medium
CUST001644,Saanvi Mehta,Jaipur,Savings,High,2018-02-19,Medium
CUST001645,Sai Nair,Bengaluru,Savings,Premium,2021-04-18,Medium
CUST001646,Rohan Rao,Hyderabad,Current,Mid,2019-06-16,Medium
CUST001647,Krishna Bose,Coimbatore,Salary,High,2020-02-29,Medium
CUST001648,Ananya Sharma,Kolkata,Salary,Mid,2022-01-25,Medium
CUST001649,Kavya Sharma,Delhi,Current,High,2021-11-17,Medium
CUST001650,Ishaan Singh,Hyderabad,Salary,High,2022-03-21,High
CUST001651,Rahul Sharma,Coimbatore,Savings,Mid,2021-08-13,Medium
CUST001652,Arjun Sharma,Bengaluru,Savings,Mid,2020-02-26,Medium
CUST001653,Ananya Joshi,Kolkata,Salary,Mid,2021-03-04,Low
CUST001654,Diya Rao,Chandigarh,Savings,High,2019-01-05,Low
CUST001655,Ananya Iyer,Delhi,Salary,Low,2018-03-11,Medium
CUST001656,Vivaan Singh,Ahmedabad,Current,Low,2018-07-28,Medium
CUST001657,Aditya Agarwal,Nagpur,Savings,Premium,2020-04-14,Medium
CUST001658,Reyansh Singh,Chennai,Savings,High,2018-05-04,Medium
CUST001659,Pooja Sharma,Nagpur,Savings,Low,2022-03-28,Low
CUST001660,Aadhya Rao,Pune,Savings,Low,2021-07-14,Low
CUST001661,Reyansh Rao,Delhi,Savings,Premium,2018-10-19,Medium
CUST001662,Anika Mehta,Hyderabad,Salary,High,2020-04-08,Low
CUST001663,Karan Kapoor,Nagpur,Salary,High,2017-09-02,Medium
CUST001664,Sai Verma,Lucknow,Current,High,2018-09-29,Medium
CUST001665,Anika Reddy,Patna,Salary,Low,2021-07-02,Low
CUST001666,Rohan Kapoor,Chandigarh,Savings,High,2021-10-22,Medium
CUST001667,Priya Verma,Kanpur,Salary,High,2018-01-29,Medium
CUST001668,Vihaan Patel,Kolkata,Salary,Mid,2019-05-16,Medium
CUST001669,Ananya Sharma,Indore,Savings,High,2021-12-25,Medium
CUST001670,Riya Reddy,Jaipur,Savings,High,2020-09-13,Medium
CUST001671,Aarav Verma,Pune,Salary,Low,2019-08-30,Medium
CUST001672,Nikhil Bose,Chandigarh,Savings,Mid,2022-01-19,Low
CUST001673,Amit Iyer,Kanpur,Savings,Low,2021-07-11,Medium
CUST001674,Aarohi Iyer,Chennai,Salary,High,2019-01-28,Medium
CUST001675,Ananya Verma,Ludhiana,Salary,Premium,2022-08-02,High
CUST001676,Rohan Nair,Kanpur,Savings,Mid,2018-12-27,Low
CUST001677,Sneha Reddy,Patna,Savings,High,2022-03-20,Medium
CUST001678,Ayaan Malhotra,Chandigarh,Salary,Mid,2019-10-16,Medium
CUST001679,Sneha Rao,Kanpur,Savings,Low,2018-10-23,Medium
CUST001680,Aarav Bansal,Kolkata,Salary,Premium,2020-11-29,High
CUST001681,Krishna Verma,Ahmedabad,Salary,High,2020-03-14,Low
CUST001682,Kavya Kapoor,Coimbatore,Salary,Mid,2019-11-17,Medium
CUST001683,Reyansh Pillai,Chandigarh,Savings,Mid,2021-11-15,Medium
CUST001684,Diya Malhotra,Patna,Savings,Mid,2018-10-25,High
CUST001685,Krishna Bose,Coimbatore,Savings,Low,2017-10-17,Medium
CUST001686,Sai Iyer,Patna,Savings,Mid,2019-12-11,Low
CUST001687,Myra Kapoor,Ahmedabad,Savings,Mid,2018-04-29,High
CUST001688,Kavya Chatterjee,Jaipur,Savings,Premium,2020-05-17,Medium
CUST001689,Amit Kulkarni,Mumbai,Savings,High,2020-10-17,Medium
CUST001690,Priya Sharma,Chennai,Current,Low,2019-06-12,Low
CUST001691,Amit Bose,Kanpur,Salary,Mid,2021-07-31,Medium
CUST001692,Rahul Iyer,Lucknow,Current,Low,2019-03-25,Medium
CUST001693,Pooja Bansal,Patna,Savings,Mid,2021-11-09,Medium
CUST001694,Karan Desai,Bhopal,Savings,Mid,2018-08-17,Low
CUST001695,Arjun Bose,Patna,Savings,High,2021-05-02,Low
CUST001696,Saanvi Malhotra,Lucknow,Salary,Mid,2022-04-20,Low
CUST001697,Anika Iyer,Hyderabad,Savings,Mid,2022-09-04,Low
CUST001698,Sai Verma,Ahmedabad,Salary,Low,2021-10-15,Low
CUST001699,Aarohi Mehta,Hyderabad,Savings,Low,2022-05-14,High
CUST001700,Riya Bansal,Delhi,Savings,Low,2019-03-26,Low
CUST001701,Anika Bose,Chandigarh,Salary,Mid,2018-12-27,Medium
CUST001702,Krishna Verma,Vadodara,Savings,Low,2020-11-12,Low
CUST001703,Isha Iyer,Pune,Savings,Mid,2022-11-06,Medium
CUST001704,Rohan Desai,Kolkata,Current,Premium,2017-09-18,High
CUST001705,Myra Verma,Bengaluru,Salary,Mid,2020-11-23,Low
CUST001706,Rahul Joshi,Patna,Savings,Mid,2018-04-24,Medium
CUST001707,Sneha Verma,Kanpur,Savings,High,2018-04-21,Medium
CUST001708,Krishna Kulkarni,Ludhiana,Savings,Premium,2022-09-10,Medium
CUST001709,Pooja Kapoor,Bengaluru,Salary,High,2022-06-26,Medium
CUST001710,Anika Reddy,Kolkata,Savings,Low,2022-05-09,High
CUST001711,Kavya Bansal,Pune,Savings,Mid,2021-11-09,Low
CUST001712,Anika Patel,Kolkata,Current,Low,2019-09-22,Medium
CUST001713,Kavya Agarwal,Chennai,Savings,Mid,2020-08-04,Medium
CUST001714,Amit Pillai,Hyderabad,Salary,Premium,2020-11-29,Low
CUST001715,Nikhil Joshi,Coimbatore,Salary,Mid,2017-12-20,Medium
CUST001716,Sai Gupta,Hyderabad,Salary,High,2019-11-02,High
CUST001717,Anika Malhotra,Nagpur,Savings,Mid,2019-03-27,Medium
CUST001718,Kavya Bose,Chennai,Current,Low,2020-06-08,Medium
CUST001719,Priya Malhotra,Kanpur,Savings,Mid,2019-11-02,Low
CUST001720,Neha Chatterjee,Lucknow,Savings,High,2020-08-10,Low
CUST001721,Pooja Malhotra,Indore,Savings,Mid,2019-07-05,Medium
CUST001722,Riya Agarwal,Pune,Savings,Mid,2021-09-20,High
CUST001723,Amit Agarwal,Nagpur,Savings,Low,2017-09-23,Low
CUST001724,Diya Rao,Jaipur,Savings,High,2020-05-30,Medium
CUST001725,Aarav Verma,Nagpur,Savings,Low,2021-04-29,Medium
CUST001726,Aarav Kulkarni,Ludhiana,Salary,High,2022-03-01,Low
CUST001727,Aarav Kapoor,Surat,Current,Mid,2021-09-04,Medium
CUST001728,Neha Malhotra,Kolkata,Savings,High,2022-10-19,High
CUST001729,Sonal Agarwal,Jaipur,Current,High,2020-01-20,Medium
CUST001730,Riya Pillai,Patna,Current,Mid,2022-01-20,Low
CUST001731,Vivaan Rao,Hyderabad,Salary,Low,2020-12-04,Medium
CUST001732,Arjun Singh,Ahmedabad,Savings,Premium,2020-11-11,Medium
CUST001733,Ayaan Patel,Vadodara,Savings,High,2021-06-26,Medium
CUST001734,Aditya Pillai,Surat,Savings,Low,2020-09-05,High
CUST001735,Sonal Mehta,Vadodara,Salary,Mid,2018-10-21,High
CUST001736,Rahul Malhotra,Bengaluru,Salary,Mid,2018-06-23,Medium
CUST001737,Sai Desai,Chandigarh,Savings,High,2018-04-16,High
CUST001738,Pooja Reddy,Vadodara,Savings,Low,2019-08-01,Medium
CUST001739,Vivaan Pillai,Surat,Salary,Mid,2020-10-12,Medium
CUST001740,Amit Verma,Bengaluru,Savings,High,2017-10-02,Low
CUST001741,Diya Joshi,Lucknow,Savings,Low,2020-08-01,Low
CUST001742,Neha Patel,Hyderabad,Savings,Mid,2018-09-23,Low
CUST001743,Sonal Sharma,Ludhiana,Salary,Mid,2019-05-14,Low
CUST001744,Vivaan Kapoor,Nagpur,Salary,Mid,2019-12-25,Medium
CUST001745,Ananya Agarwal,Delhi,Savings,High,2019-10-03,Medium
CUST001746,Ananya Kulkarni,Ahmedabad,Salary,Low,2019-01-03,Medium
CUST001747,Arjun Verma,Pune,Savings,Low,2019-02-22,High
CUST001748,Myra Bose,Nagpur,Savings,Mid,2019-09-11,High
CUST001749,Aditya Patel,Bhopal,Salary,High,2020-07-01,Medium
CUST001750,Sneha Bansal,Surat,Savings,High,2022-02-02,Medium
CUST001751,Ananya Iyer,Ahmedabad,Current,Mid,2020-04-02,Medium
CUST001752,Rahul Verma,Vadodara,Salary,Low,2019-11-06,Medium
CUST001753,Krishna Iyer,Nagpur,Savings,Low,2020-09-07,Medium
CUST001754,Saanvi Nair,Bhopal,Savings,High,2018-08-25,High
CUST001755,Aarohi Agarwal,Ahmedabad,Savings,Mid,2021-10-23,High
CUST001756,Aadhya Pillai,Chandigarh,Savings,Mid,2021-10-27,Medium
CUST001757,Isha Kulkarni,Patna,Savings,High,2021-07-16,Low
CUST001758,Aditya Singh,Pune,Savings,Low,2018-07-26,Medium
CUST001759,Ananya Pillai,Indore,Savings,Mid,2022-06-02,Low
CUST001760,Karan Joshi,Hyderabad,Current,Low,2020-07-18,Medium
CUST001761,Diya Mehta,Kanpur,Savings,Premium,2021-02-14,Low
CUST001762,Isha Sharma,Kanpur,Savings,High,2018-08-09,Medium
CUST001763,Sai Chatterjee,Surat,Savings,Premium,2019-06-19,Low
CUST001764,Isha Nair,Coimbatore,Savings,High,2020-06-13,Low
CUST001765,Sonal Patel,Delhi,Savings,Low,2021-10-20,Medium
CUST001766,Arjun Iyer,Kanpur,Savings,Low,2022-04-16,Medium
CUST001767,Ayaan Bose,Delhi,Savings,Mid,2017-09-22,Medium
CUST001768,Neha Kapoor,Ahmedabad,Salary,Low,2022-11-04,High
CUST001769,Nikhil Reddy,Lucknow,Savings,Mid,2021-03-18,Medium
CUST001770,Aarohi Sharma,Coimbatore,Salary,Mid,2021-01-22,High
CUST001771,Rahul Agarwal,Kolkata,Salary,Low,2021-09-25,High
CUST001772,Kavya Kulkarni,Kolkata,Savings,Premium,2018-09-18,Medium
CUST001773,Kavya Desai,Jaipur,Current,Low,2019-06-06,Low
CUST001774,Nikhil Sharma,Ahmedabad,Savings,Mid,2020-10-22,Low
CUST001775,Priya Kulkarni,Vadodara,Current,Mid,2022-09-04,Low
CUST001776,Sai Verma,Jaipur,Savings,Mid,2021-04-30,Low
CUST001777,Sneha Bose,Kolkata,Savings,Mid,2021-05-26,Low
CUST001778,Myra Sharma,Delhi,Savings,Low,2022-07-19,Medium
CUST001779,Karan Singh,Nagpur,Current,Premium,2019-03-16,Medium
CUST001780,Neha Reddy,Kanpur,Current,Mid,2022-10-24,Low
CUST001781,Neha Bansal,Surat,Current,High,2021-08-16,Low
CUST001782,Anika Reddy,Nagpur,Current,Low,2017-11-07,Medium
CUST001783,Aarohi Bose,Lucknow,Savings,Low,2019-12-10,Medium
CUST001784,Sai Mehta,Bengaluru,Salary,Mid,2020-02-11,High
CUST001785,Kavya Sharma,Coimbatore,Savings,Low,2022-09-12,Medium
CUST001786,Sonal Kulkarni,Pune,Savings,Mid,2021-03-18,High
CUST001787,Aarohi Bansal,Lucknow,Savings,High,2018-09-30,Medium
CUST001788,Aarav Chatterjee,Chennai,Savings,Low,2019-01-31,Medium
CUST001789,Diya Kapoor,Kanpur,Current,Mid,2021-08-06,Medium
CUST001790,Krishna Verma,Bhopal,Salary,Mid,2019-05-31,Low
CUST001791,Priya Bansal,Jaipur,Savings,Mid,2017-12-05,Medium
CUST001792,Kavya Singh,Mumbai,Savings,High,2021-08-28,Medium
CUST001793,Ananya Bansal,Ahmedabad,Savings,Mid,2019-03-28,High
CUST001794,Aditya Bansal,Ahmedabad,Savings,Low,2020-01-01,Medium
CUST001795,Neha Patel,Ludhiana,Savings,Low,2020-07-31,Medium
CUST001796,Riya Nair,Pune,Savings,Mid,2020-07-12,High
CUST001797,Sonal Bose,Surat,Salary,Mid,2021-01-27,Low
CUST001798,Kavya Nair,Coimbatore,Salary,Mid,2021-10-05,Medium
CUST001799,Riya Agarwal,Ahmedabad,Savings,High,2019-02-01,Low
CUST001800,Neha Nair,Kolkata,Savings,Mid,2021-03-10,High
CUST001801,Sonal Nair,Bhopal,Current,Low,2020-07-05,High
CUST001802,Rohan Pillai,Ahmedabad,Savings,Low,2017-10-11,High
CUST001803,Ananya Iyer,Chennai,Savings,Premium,2019-10-18,Medium
CUST001804,Rahul Reddy,Patna,Salary,Mid,2021-11-20,Low
CUST001805,Pooja Nair,Lucknow,Savings,High,2018-11-04,Low
CUST001806,Amit Malhotra,Mumbai,Savings,Mid,2017-12-26,Medium
CUST001807,Saanvi Kapoor,Indore,Savings,Mid,2020-06-08,Low
CUST001808,Arjun Mehta,Jaipur,Current,Low,2022-04-28,Medium
CUST001809,Sai Sharma,Ahmedabad,Salary,Mid,2018-08-24,High
CUST001810,Isha Singh,Ludhiana,Salary,Low,2019-07-11,Medium
CUST001811,Isha Patel,Vadodara,Savings,Mid,2019-07-30,Medium
CUST001812,Ayaan Sharma,Pune,Salary,Low,2020-11-27,Medium
CUST001813,Nikhil Desai,Bengaluru,Salary,Low,2022-03-03,Low
CUST001814,Neha Bose,Bhopal,Savings,High,2020-04-16,Low
CUST001815,Sai Bansal,Kanpur,Current,Low,2020-03-01,Low
CUST001816,Arjun Gupta,Chandigarh,Savings,Low,2021-11-02,Medium
CUST001817,Vivaan Joshi,Pune,Savings,Mid,2018-08-20,Low
CUST001818,Sonal Singh,Mumbai,Savings,Low,2017-08-04,Medium
CUST001819,Ayaan Mehta,Indore,Savings,High,2018-09-03,Medium
CUST001820,Aditya Gupta,Kolkata,Current,Mid,2017-09-21,High
CUST001821,Neha Bose,Coimbatore,Savings,High,2020-03-04,Low
CUST001822,Neha Rao,Lucknow,Savings,Low,2017-12-11,Medium
CUST001823,Saanvi Bansal,Pune,Salary,High,2018-07-27,High
CUST001824,Isha Bansal,Delhi,Salary,Mid,2018-11-19,Medium
CUST001825,Aadhya Bose,Lucknow,Salary,Low,2017-08-27,Low
CUST001826,Isha Agarwal,Vadodara,Savings,Mid,2019-12-23,Medium
CUST001827,Anika Reddy,Delhi,Savings,High,2020-05-22,High
CUST001828,Pooja Verma,Coimbatore,Savings,Low,2017-12-31,Medium
CUST001829,Anika Agarwal,Pune,Current,Mid,2020-09-13,Low
CUST001830,Kavya Bansal,Delhi,Salary,Mid,2020-01-10,High
CUST001831,Reyansh Kapoor,Delhi,Salary,Low,2020-06-15,Medium
CUST001832,Priya Kapoor,Nagpur,Savings,Low,2018-08-01,Medium
CUST001833,Myra Gupta,Surat,Salary,Mid,2020-07-20,Medium
CUST001834,Isha Verma,Surat,Savings,Mid,2019-01-19,Low
CUST001835,Priya Nair,Bhopal,Savings,Low,2020-04-27,Medium
CUST001836,Aditya Kulkarni,Coimbatore,Savings,Low,2022-04-15,Medium
CUST001837,Amit Pillai,Chennai,Savings,Low,2017-08-30,Low
CUST001838,Arjun Bansal,Patna,Salary,Premium,2020-08-08,Medium
CUST001839,Myra Sharma,Lucknow,Salary,Low,2021-12-01,High
CUST001840,Riya Mehta,Coimbatore,Savings,High,2017-12-21,Medium
CUST001841,Aditya Singh,Coimbatore,Salary,High,2021-02-07,Medium
CUST001842,Nikhil Reddy,Chennai,Savings,Mid,2022-05-30,Low
CUST001843,Nikhil Rao,Hyderabad,Savings,Mid,2019-05-14,Medium
CUST001844,Aditya Kulkarni,Kanpur,Savings,Low,2018-12-15,Low
CUST001845,Rahul Kulkarni,Nagpur,Salary,Mid,2019-06-28,Low
CUST001846,Aadhya Agarwal,Chennai,Savings,Low,2020-10-14,High
CUST001847,Amit Gupta,Delhi,Savings,Mid,2017-10-21,Low
CUST001848,Riya Nair,Lucknow,Salary,Mid,2022-01-04,High
CUST001849,Sai Verma,Ahmedabad,Savings,Mid,2020-07-26,Low
CUST001850,Ishaan Rao,Surat,Savings,Low,2021-04-20,Low
CUST001851,Vihaan Nair,Chennai,Savings,Low,2017-07-15,High
CUST001852,Aarav Bose,Kolkata,Salary,Mid,2018-08-18,Medium
CUST001853,Aarav Rao,Jaipur,Salary,Low,2020-02-17,Low
CUST001854,Kavya Sharma,Chandigarh,Savings,Mid,2019-07-06,High
CUST001855,Ayaan Mehta,Chandigarh,Savings,Low,2019-08-15,High
CUST001856,Myra Joshi,Chandigarh,Salary,Low,2020-06-11,Medium
CUST001857,Isha Bose,Bengaluru,Current,High,2022-11-19,High
CUST001858,Priya Agarwal,Pune,Salary,Low,2021-05-12,Medium
CUST001859,Rohan Agarwal,Ludhiana,Savings,Mid,2018-04-28,Medium
CUST001860,Vivaan Gupta,Kolkata,Current,Premium,2022-02-02,Medium
CUST001861,Rohan Chatterjee,Delhi,Savings,Low,2022-09-18,High
CUST001862,Neha Verma,Ahmedabad,Savings,High,2019-03-07,Low
CUST001863,Pooja Bose,Vadodara,Savings,Mid,2021-03-31,High
CUST001864,Sonal Iyer,Lucknow,Savings,Mid,2022-08-24,Medium
CUST001865,Saanvi Gupta,Hyderabad,Current,Low,2022-01-06,Medium
CUST001866,Isha Bose,Surat,Savings,Mid,2019-09-17,Medium
CUST001867,Sai Rao,Patna,Salary,Mid,2018-09-20,Low
CUST001868,Diya Verma,Vadodara,Savings,Low,2022-05-26,Medium
CUST001869,Ananya Chatterjee,Surat,Salary,Low,2017-11-20,High
CUST001870,Pooja Iyer,Nagpur,Savings,High,2018-09-01,Medium
CUST001871,Pooja Agarwal,Indore,Salary,Low,2022-07-23,High
CUST001872,Aarohi Nair,Surat,Savings,Low,2022-03-28,High
CUST001873,Ananya Kulkarni,Jaipur,Savings,High,2020-08-07,Medium
CUST001874,Reyansh Mehta,Bhopal,Savings,Low,2019-06-28,High
CUST001875,Vihaan Pillai,Delhi,Salary,High,2018-10-30,Low
CUST001876,Aditya Desai,Bhopal,Savings,High,2018-11-11,Medium
CUST001877,Sonal Kapoor,Ludhiana,Savings,Mid,2020-07-11,Medium
CUST001878,Neha Malhotra,Ludhiana,Savings,Mid,2021-06-19,Low
CUST001879,Riya Bose,Bhopal,Savings,Low,2020-12-08,Medium
CUST001880,Isha Pillai,Ahmedabad,Savings,High,2020-02-20,Low
CUST001881,Rahul Desai,Bhopal,Salary,Mid,2020-02-28,Medium
CUST001882,Priya Bose,Chennai,Salary,Low,2021-08-13,Low
CUST001883,Reyansh Sharma,Surat,Salary,Low,2022-04-04,Medium
CUST001884,Myra Reddy,Mumbai,Salary,Mid,2018-10-14,Medium
CUST001885,Sneha Bose,Kolkata,Savings,Low,2020-08-05,Low
CUST001886,Vivaan Malhotra,Indore,Salary,Low,2020-12-16,High
CUST001887,Sneha Mehta,Patna,Salary,Premium,2022-11-09,Low
CUST001888,Nikhil Kapoor,Kolkata,Salary,Low,2021-06-29,Medium
CUST001889,Ishaan Kapoor,Bengaluru,Salary,Mid,2020-01-30,Medium
CUST001890,Ananya Sharma,Patna,Savings,High,2022-04-13,Medium
CUST001891,Ananya Bansal,Lucknow,Savings,High,2018-11-10,Medium
CUST001892,Isha Sharma,Vadodara,Current,Low,2018-04-03,Low
CUST001893,Reyansh Malhotra,Chennai,Savings,Mid,2018-03-31,Medium
CUST001894,Sonal Desai,Lucknow,Savings,Low,2017-10-13,Medium
CUST001895,Sneha Verma,Chandigarh,Savings,High,2019-04-20,Low
CUST001896,Aarohi Nair,Ahmedabad,Savings,High,2019-05-28,High
CUST001897,Priya Agarwal,Coimbatore,Salary,Low,2017-11-24,Low
CUST001898,Myra Joshi,Lucknow,Salary,Low,2017-09-19,Medium
CUST001899,Pooja Kulkarni,Delhi,Savings,High,2021-03-29,Medium
CUST001900,Rahul Malhotra,Vadodara,Current,Mid,2019-10-22,Low
CUST001901,Aarav Mehta,Patna,Savings,Low,2019-09-07,Medium
CUST001902,Sneha Chatterjee,Lucknow,Current,Low,2022-07-20,Low
CUST001903,Krishna Sharma,Ahmedabad,Savings,High,2021-01-07,Medium
CUST001904,Rohan Agarwal,Nagpur,Savings,High,2018-03-13,High
CUST001905,Riya Bose,Chennai,Current,Mid,2020-09-26,Medium
CUST001906,Isha Reddy,Chennai,Savings,Low,2018-01-27,Medium
CUST001907,Nikhil Malhotra,Surat,Savings,Low,2018-12-10,Low
CUST001908,Krishna Joshi,Delhi,Salary,Mid,2022-06-08,Low
CUST001909,Priya Patel,Chandigarh,Salary,Low,2020-11-01,Low
CUST001910,Pooja Kapoor,Coimbatore,Savings,Low,2021-09-16,High
CUST001911,Ishaan Gupta,Bhopal,Savings,High,2022-04-17,Medium
CUST001912,Sneha Verma,Kanpur,Salary,Mid,2018-07-24,Medium
CUST001913,Sonal Iyer,Kolkata,Savings,Mid,2020-06-07,Low
CUST001914,Aarav Desai,Bhopal,Salary,Mid,2017-11-05,Medium
CUST001915,Arjun Mehta,Bhopal,Current,High,2021-01-05,Low
CUST001916,Rahul Kulkarni,Chandigarh,Salary,Mid,2021-03-07,High
CUST001917,Arjun Reddy,Lucknow,Salary,Premium,2018-04-24,Low
CUST001918,Karan Nair,Bhopal,Savings,High,2021-10-08,Medium
CUST001919,Myra Bansal,Delhi,Savings,High,2018-12-02,Medium
CUST001920,Vihaan Sharma,Bhopal,Savings,Mid,2021-03-06,Medium
CUST001921,Karan Bose,Delhi,Current,High,2018-01-12,High
CUST001922,Ananya Rao,Bengaluru,Salary,Low,2017-12-07,Medium
CUST001923,Vihaan Kulkarni,Delhi,Savings,Low,2018-08-16,Low
CUST001924,Aarav Pillai,Surat,Salary,High,2018-09-01,Medium
CUST001925,Rohan Mehta,Surat,Salary,Low,2021-02-13,Low
CUST001926,Reyansh Kapoor,Kolkata,Salary,Mid,2021-05-15,Low
CUST001927,Ananya Rao,Patna,Savings,High,2019-02-27,Medium
CUST001928,Krishna Nair,Hyderabad,Salary,Mid,2022-01-14,Low
CUST001929,Vihaan Sharma,Jaipur,Current,Low,2017-07-19,Low
CUST001930,Kavya Kulkarni,Ludhiana,Current,High,2022-05-07,Low
CUST001931,Kavya Chatterjee,Kolkata,Salary,Low,2019-11-03,High
CUST001932,Krishna Nair,Lucknow,Savings,High,2017-08-19,Medium
CUST001933,Riya Patel,Surat,Current,Low,2021-12-17,High
CUST001934,Ishaan Bose,Bengaluru,Savings,Low,2017-12-01,Low
CUST001935,Kavya Rao,Lucknow,Salary,Low,2022-08-21,Medium
CUST001936,Aarav Desai,Ahmedabad,Savings,Low,2017-11-09,High
CUST001937,Vihaan Bansal,Delhi,Savings,Mid,2022-08-14,Low
CUST001938,Saanvi Bansal,Bengaluru,Salary,Premium,2021-12-01,Low
CUST001939,Priya Pillai,Ludhiana,Savings,Low,2019-05-23,Low
CUST001940,Isha Chatterjee,Coimbatore,Current,Mid,2021-03-03,Medium
CUST001941,Pooja Mehta,Lucknow,Savings,High,2018-12-03,Medium
CUST001942,Aditya Rao,Patna,Savings,High,2019-09-27,Medium
CUST001943,Aditya Rao,Ahmedabad,Savings,Mid,2022-05-17,Medium
CUST001944,Ishaan Rao,Coimbatore,Current,Mid,2020-04-13,Medium
CUST001945,Ayaan Nair,Pune,Savings,High,2018-02-03,Medium
CUST001946,Krishna Chatterjee,Ludhiana,Salary,Mid,2020-09-21,Medium
CUST001947,Nikhil Malhotra,Chennai,Salary,Mid,2018-07-01,Medium
CUST001948,Myra Desai,Lucknow,Savings,Low,2022-10-02,Low
CUST001949,Aarohi Reddy,Bengaluru,Savings,High,2020-12-13,Low
CUST001950,Myra Gupta,Chandigarh,Savings,High,2021-05-03,Medium
CUST001951,Isha Pillai,Kanpur,Current,Low,2022-03-17,High
CUST001952,Vihaan Bansal,Bhopal,Savings,High,2018-05-03,Medium
CUST001953,Ananya Agarwal,Hyderabad,Savings,Low,2019-04-12,Low
CUST001954,Sneha Kapoor,Bengaluru,Savings,Mid,2019-12-07,Medium
CUST001955,Aadhya Pillai,Coimbatore,Savings,Low,2020-08-08,Medium
CUST001956,Isha Patel,Pune,Salary,Mid,2019-11-06,Low
CUST001957,Aarohi Bansal,Chennai,Salary,High,2022-07-20,Low
CUST001958,Reyansh Pillai,Lucknow,Salary,Low,2020-07-03,High
CUST001959,Riya Malhotra,Indore,Savings,Mid,2019-11-13,High
CUST001960,Sai Iyer,Pune,Savings,Mid,2018-10-10,Medium
CUST001961,Pooja Desai,Vadodara,Salary,Low,2022-04-12,Medium
CUST001962,Isha Rao,Vadodara,Savings,Premium,2021-02-04,Medium
CUST001963,Vihaan Rao,Patna,Current,Mid,2021-12-07,High
CUST001964,Aadhya Iyer,Surat,Salary,Mid,2019-07-26,Medium
CUST001965,Karan Bose,Hyderabad,Savings,Mid,2018-08-06,Medium
CUST001966,Ananya Desai,Nagpur,Current,Low,2019-04-22,Medium
CUST001967,Aditya Mehta,Delhi,Savings,Premium,2018-05-04,Medium
CUST001968,Priya Pillai,Ahmedabad,Savings,Mid,2017-11-09,Medium
CUST001969,Amit Nair,Mumbai,Salary,Low,2019-03-20,Medium
CUST001970,Myra Agarwal,Ahmedabad,Savings,High,2021-04-15,Low
CUST001971,Isha Pillai,Nagpur,Current,Mid,2020-05-31,Medium
CUST001972,Reyansh Malhotra,Kolkata,Savings,Mid,2021-03-29,Low
CUST001973,Sneha Kapoor,Vadodara,Salary,Premium,2017-10-08,Low
CUST001974,Nikhil Chatterjee,Indore,Savings,Mid,2022-06-03,High
CUST001975,Aarav Bose,Vadodara,Salary,Low,2020-01-22,Low
CUST001976,Neha Nair,Nagpur,Salary,High,2018-02-21,Medium
CUST001977,Vivaan Chatterjee,Surat,Salary,Mid,2017-11-13,Low
CUST001978,Vivaan Sharma,Patna,Savings,Low,2018-12-23,High
CUST001979,Pooja Chatterjee,Patna,Salary,Mid,2022-04-22,Medium
CUST001980,Neha Sharma,Surat,Savings,Low,2021-08-08,Low
CUST001981,Nikhil Pillai,Indore,Savings,Mid,2020-09-16,Low
CUST001982,Nikhil Bansal,Lucknow,Current,High,2020-08-23,Medium
CUST001983,Saanvi Agarwal,Nagpur,Savings,Low,2021-09-26,Medium
CUST001984,Aarohi Nair,Chennai,Savings,High,2021-11-12,Low
CUST001985,Aadhya Chatterjee,Patna,Salary,High,2018-03-18,Low
CUST001986,Arjun Kapoor,Indore,Savings,Mid,2018-01-10,Medium
CUST001987,Arjun Sharma,Ahmedabad,Salary,High,2022-07-09,Medium
CUST001988,Arjun Desai,Mumbai,Savings,Premium,2019-03-26,Medium
CUST001989,Arjun Iyer,Indore,Salary,Mid,2022-02-24,High
CUST001990,Neha Rao,Indore,Current,Low,2017-11-28,High
CUST001991,Sonal Joshi,Ludhiana,Savings,High,2019-06-05,High
CUST001992,Myra Kulkarni,Chennai,Savings,High,2020-07-17,High
CUST001993,Pooja Rao,Patna,Savings,Low,2020-10-06,Medium
CUST001994,Ayaan Gupta,Kanpur,Salary,Mid,2020-07-16,Low
CUST001995,Aarav Pillai,Ludhiana,Savings,Premium,2020-02-16,Low
CUST001996,Nikhil Kulkarni,Pune,Salary,Low,2021-05-30,High
CUST001997,Sonal Agarwal,Indore,Salary,Mid,2019-09-09,Low
CUST001998,Vivaan Verma,Kanpur,Savings,Mid,2019-09-26,Medium
CUST001999,Nikhil Chatterjee,Chandigarh,Salary,Low,2022-04-15,Medium
CUST002000,Aarohi Iyer,Vadodara,Savings,High,2022-02-15,Low
CUST002001,Neha Singh,Bhopal,Savings,Mid,2020-04-24,High
CUST002002,Aditya Kulkarni,Bhopal,Savings,Mid,2017-12-06,High
CUST002003,Aditya Patel,Ludhiana,Savings,Mid,2020-04-09,Medium
CUST002004,Karan Agarwal,Bengaluru,Salary,Low,2018-06-12,High
CUST002005,Ishaan Bose,Vadodara,Savings,Premium,2022-08-16,Medium
CUST002006,Kavya Sharma,Lucknow,Savings,High,2020-04-16,Medium
CUST002007,Anika Desai,Coimbatore,Savings,Mid,2019-09-14,Medium
CUST002008,Saanvi Chatterjee,Lucknow,Salary,High,2017-07-14,Low
CUST002009,Ishaan Gupta,Surat,Savings,Low,2022-09-21,High
CUST002010,Rahul Kapoor,Ludhiana,Salary,Low,2018-11-05,Low
CUST002011,Krishna Verma,Vadodara,Savings,Mid,2019-05-24,Medium
CUST002012,Riya Gupta,Chandigarh,Salary,Low,2019-09-16,Low
CUST002013,Karan Kapoor,Delhi,Salary,High,2018-05-21,Low
CUST002014,Aarav Kapoor,Ludhiana,Salary,High,2020-03-15,Low
CUST002015,Arjun Kulkarni,Bengaluru,Savings,Mid,2022-06-28,Medium
CUST002016,Krishna Nair,Jaipur,Savings,High,2019-06-20,Medium
CUST002017,Krishna Singh,Jaipur,Current,High,2022-11-03,Medium
CUST002018,Isha Gupta,Hyderabad,Savings,Premium,2017-10-26,Medium
CUST002019,Rahul Nair,Vadodara,Savings,High,2019-03-24,Medium
CUST002020,Diya Gupta,Coimbatore,Salary,Mid,2021-06-15,High
CUST002021,Aarohi Gupta,Pune,Savings,Mid,2018-06-09,Medium
CUST002022,Neha Verma,Bhopal,Savings,Mid,2020-12-30,Medium
CUST002023,Arjun Bose,Bengaluru,Savings,Mid,2017-09-07,Low
CUST002024,Pooja Desai,Ahmedabad,Current,Low,2018-09-13,Medium
CUST002025,Amit Bansal,Indore,Savings,Low,2021-08-02,Medium
CUST002026,Rahul Gupta,Coimbatore,Savings,Low,2021-09-27,Medium
CUST002027,Rahul Chatterjee,Vadodara,Savings,Mid,2022-08-13,Medium
CUST002028,Amit Reddy,Jaipur,Savings,Premium,2022-08-17,Low
CUST002029,Myra Bansal,Chennai,Savings,Low,2020-04-01,Medium
CUST002030,Aarohi Agarwal,Surat,Salary,Low,2021-08-11,Low
CUST002031,Karan Bansal,Nagpur,Salary,Mid,2020-04-05,Medium
CUST002032,Arjun Kulkarni,Jaipur,Savings,Mid,2018-01-15,Medium
CUST002033,Aarav Kapoor,Indore,Salary,Low,2017-09-21,Low
CUST002034,Aadhya Malhotra,Coimbatore,Savings,High,2017-07-12,Medium
CUST002035,Karan Verma,Bhopal,Current,Low,2022-05-17,Low
CUST002036,Rohan Chatterjee,Patna,Savings,Low,2017-07-23,Low
CUST002037,Isha Singh,Indore,Current,Low,2021-01-15,High
CUST002038,Krishna Reddy,Jaipur,Current,Mid,2021-06-28,Medium
CUST002039,Aadhya Rao,Vadodara,Salary,Low,2018-08-02,Medium
CUST002040,Rahul Pillai,Pune,Savings,Premium,2018-08-08,Medium
CUST002041,Anika Malhotra,Kolkata,Savings,Low,2019-02-14,Low
CUST002042,Ananya Agarwal,Chennai,Salary,Premium,2022-11-11,Medium
CUST002043,Pooja Iyer,Mumbai,Savings,Mid,2022-11-08,Low
CUST002044,Vihaan Kulkarni,Indore,Savings,Low,2022-05-04,Medium
CUST002045,Diya Patel,Coimbatore,Savings,Mid,2018-11-08,Low
CUST002046,Krishna Mehta,Surat,Savings,Low,2022-09-24,High
CUST002047,Isha Iyer,Mumbai,Salary,Mid,2022-08-08,Medium
CUST002048,Karan Mehta,Ludhiana,Savings,Mid,2017-08-04,High
CUST002049,Rohan Reddy,Ludhiana,Savings,High,2018-12-13,Medium
CUST002050,Aditya Bose,Hyderabad,Salary,Mid,2022-03-11,High
CUST002051,Karan Pillai,Nagpur,Savings,Mid,2018-06-02,Low
CUST002052,Priya Reddy,Chennai,Savings,Low,2019-01-08,Low
CUST002053,Krishna Kapoor,Chennai,Salary,High,2020-04-20,Low
CUST002054,Rohan Rao,Bengaluru,Savings,High,2017-09-30,Medium
CUST002055,Amit Joshi,Jaipur,Savings,Low,2019-01-15,Low
CUST002056,Krishna Gupta,Lucknow,Savings,Mid,2018-07-18,High
CUST002057,Krishna Verma,Bengaluru,Savings,Low,2020-10-10,Low
CUST002058,Ananya Verma,Nagpur,Savings,Mid,2021-06-22,High
CUST002059,Sai Rao,Jaipur,Savings,Mid,2022-07-13,Medium
CUST002060,Sonal Mehta,Chandigarh,Savings,Low,2019-07-02,Medium
CUST002061,Sai Desai,Nagpur,Savings,Mid,2022-04-24,Low
CUST002062,Kavya Joshi,Ahmedabad,Savings,Premium,2021-09-11,High
CUST002063,Rohan Reddy,Ludhiana,Savings,High,2017-10-20,Low
CUST002064,Nikhil Singh,Coimbatore,Salary,Low,2022-05-05,Medium
CUST002065,Aditya Iyer,Delhi,Current,High,2019-09-19,Medium
CUST002066,Amit Rao,Jaipur,Savings,Low,2022-10-25,High
CUST002067,Arjun Sharma,Chandigarh,Savings,Low,2017-09-09,Medium
CUST002068,Karan Bansal,Delhi,Current,Mid,2021-06-05,Medium
CUST002069,Nikhil Malhotra,Ahmedabad,Current,Low,2017-11-06,Low
CUST002070,Riya Sharma,Nagpur,Savings,Low,2020-01-12,Low
CUST002071,Aarohi Joshi,Chandigarh,Savings,Mid,2020-08-27,Medium
CUST002072,Kavya Patel,Bengaluru,Salary,Mid,2022-11-26,High
CUST002073,Nikhil Desai,Nagpur,Savings,Low,2022-03-29,Medium
CUST002074,Kavya Chatterjee,Vadodara,Salary,Low,2021-01-19,Medium
CUST002075,Aadhya Verma,Surat,Savings,Low,2019-05-18,Low
CUST002076,Diya Agarwal,Bengaluru,Savings,Mid,2018-02-19,High
CUST002077,Aditya Rao,Lucknow,Savings,High,2018-08-28,Medium
CUST002078,Rohan Mehta,Surat,Salary,High,2021-12-06,Low
CUST002079,Vivaan Bansal,Patna,Salary,Mid,2019-03-20,Medium
CUST002080,Ishaan Bansal,Kolkata,Salary,Mid,2017-11-23,High
CUST002081,Rohan Chatterjee,Hyderabad,Savings,High,2020-03-11,Medium
CUST002082,Priya Rao,Bengaluru,Salary,High,2018-10-19,Medium
CUST002083,Arjun Verma,Kolkata,Salary,Low,2021-11-02,Medium
CUST002084,Rahul Pillai,Mumbai,Savings,Low,2021-08-01,Low
CUST002085,Aadhya Iyer,Chandigarh,Savings,Low,2018-06-23,Medium
CUST002086,Rohan Kapoor,Patna,Salary,Mid,2020-02-13,Medium
CUST002087,Pooja Rao,Patna,Savings,High,2022-10-30,Low
CUST002088,Ananya Verma,Delhi,Savings,High,2021-01-10,High
CUST002089,Aadhya Reddy,Delhi,Savings,High,2021-09-25,High
CUST002090,Myra Agarwal,Bhopal,Savings,Low,2022-01-31,Medium
CUST002091,Ayaan Iyer,Vadodara,Current,Mid,2022-09-18,Low
CUST002092,Aarohi Sharma,Ahmedabad,Salary,Mid,2020-04-11,Medium
CUST002093,Vivaan Patel,Ludhiana,Savings,Low,2018-12-27,High
CUST002094,Aarav Gupta,Ahmedabad,Salary,Low,2019-05-17,Medium
CUST002095,Priya Kapoor,Delhi,Salary,High,2018-04-27,Low
CUST002096,Myra Bose,Hyderabad,Salary,Mid,2021-12-18,Medium
CUST002097,Aditya Reddy,Vadodara,Savings,Premium,2022-04-13,Low
CUST002098,Isha Bose,Chandigarh,Current,Mid,2021-09-07,Medium
CUST002099,Sneha Mehta,Bengaluru,Salary,High,2020-07-13,Medium
CUST002100,Sneha Bansal,Lucknow,Salary,Low,2021-02-06,Medium
CUST002101,Karan Pillai,Hyderabad,Savings,High,2019-11-11,Medium
CUST002102,Ananya Mehta,Ahmedabad,Savings,High,2018-08-20,Medium
CUST002103,Riya Gupta,Delhi,Savings,Mid,2021-01-14,Medium
CUST002104,Vihaan Singh,Bengaluru,Savings,High,2022-02-16,Medium
CUST002105,Sai Chatterjee,Indore,Savings,Mid,2019-10-26,Low
CUST002106,Myra Patel,Chennai,Salary,Premium,2017-09-24,Medium
CUST002107,Vivaan Nair,Vadodara,Savings,Mid,2022-05-12,Medium
CUST002108,Aadhya Gupta,Ludhiana,Savings,Mid,2022-10-31,Medium
CUST002109,Aditya Sharma,Chandigarh,Savings,Low,2022-11-18,High
CUST002110,Sonal Iyer,Chennai,Savings,Mid,2018-12-16,Low
CUST002111,Priya Kapoor,Vadodara,Salary,Low,2020-08-02,Medium
CUST002112,Nikhil Nair,Chandigarh,Savings,Mid,2021-10-06,Medium
CUST002113,Rohan Singh,Ahmedabad,Savings,Low,2019-12-27,Medium
CUST002114,Saanvi Patel,Coimbatore,Savings,Low,2017-08-29,Medium
CUST002115,Isha Verma,Chennai,Salary,Mid,2019-07-30,Medium
CUST002116,Nikhil Desai,Chennai,Savings,Low,2019-06-28,High
CUST002117,Rohan Kapoor,Bengaluru,Salary,Mid,2020-12-20,Low
CUST002118,Aarav Agarwal,Indore,Savings,Mid,2021-08-07,Medium
CUST002119,Vihaan Kulkarni,Kolkata,Current,Premium,2022-05-21,Medium
CUST002120,Diya Agarwal,Ludhiana,Current,Mid,2020-01-28,Medium
CUST002121,Myra Mehta,Pune,Savings,Low,2021-05-15,Low
CUST002122,Reyansh Reddy,Delhi,Savings,Mid,2018-06-15,Medium
CUST002123,Karan Desai,Ahmedabad,Savings,Mid,2020-02-18,Medium
CUST002124,Sai Verma,Chennai,Salary,High,2022-08-14,Medium
CUST002125,Ishaan Mehta,Kanpur,Current,Premium,2020-06-25,Low
CUST002126,Ananya Bose,Jaipur,Salary,Low,2018-05-29,High
CUST002127,Vivaan Reddy,Coimbatore,Salary,Premium,2018-10-08,Medium
CUST002128,Sonal Agarwal,Delhi,Savings,Mid,2021-12-07,Low
CUST002129,Sneha Sharma,Chennai,Salary,Mid,2020-03-14,Medium
CUST002130,Vihaan Iyer,Bhopal,Savings,High,2017-11-25,Medium
CUST002131,Rahul Rao,Pune,Savings,Low,2019-08-07,Medium
CUST002132,Ananya Joshi,Vadodara,Current,Mid,2021-10-21,Low
CUST002133,Ayaan Reddy,Lucknow,Savings,Mid,2021-02-03,Medium
CUST002134,Vihaan Patel,Pune,Salary,High,2018-10-14,High
CUST002135,Neha Mehta,Indore,Salary,Low,2020-10-24,Low
CUST002136,Aditya Desai,Pune,Savings,High,2019-08-22,Medium
CUST002137,Vivaan Joshi,Chandigarh,Current,Mid,2022-02-09,Low
CUST002138,Sonal Bose,Kolkata,Salary,Mid,2020-05-15,Medium
CUST002139,Aadhya Chatterjee,Chennai,Savings,Low,2022-02-26,Medium
CUST002140,Rahul Mehta,Coimbatore,Salary,High,2019-05-18,Medium
CUST002141,Krishna Mehta,Kanpur,Savings,Premium,2021-01-14,Low
CUST002142,Vivaan Pillai,Ahmedabad,Savings,Low,2022-08-02,Low
CUST002143,Arjun Reddy,Jaipur,Salary,Premium,2018-02-22,Low
CUST002144,Myra Joshi,Coimbatore,Salary,Mid,2021-12-17,High
CUST002145,Ayaan Kapoor,Lucknow,Savings,High,2019-07-15,Medium
CUST002146,Sneha Bose,Chennai,Salary,Mid,2017-11-04,Low
CUST002147,Riya Agarwal,Chennai,Savings,Low,2018-02-15,Low
CUST002148,Aditya Joshi,Pune,Salary,Low,2018-02-11,Low
CUST002149,Aarohi Mehta,Bhopal,Savings,Mid,2019-08-09,High
CUST002150,Pooja Rao,Chandigarh,Savings,Mid,2021-05-10,Medium
CUST002151,Rahul Joshi,Mumbai,Current,High,2018-10-17,Medium
CUST002152,Ayaan Malhotra,Pune,Current,Low,2020-06-26,Low
CUST002153,Ayaan Pillai,Vadodara,Savings,Mid,2017-08-13,Low
CUST002154,Sonal Pillai,Ahmedabad,Savings,Low,2017-11-19,Medium
CUST002155,Saanvi Verma,Mumbai,Savings,Premium,2022-09-11,High
CUST002156,Rahul Kulkarni,Chandigarh,Savings,Low,2022-09-25,Low
CUST002157,Anika Bansal,Indore,Salary,Premium,2020-03-26,Medium
CUST002158,Myra Desai,Hyderabad,Salary,High,2021-07-28,High
CUST002159,Kavya Sharma,Bengaluru,Current,High,2019-01-13,Medium
CUST002160,Reyansh Nair,Indore,Savings,Low,2020-11-28,Low
CUST002161,Ayaan Iyer,Surat,Savings,Mid,2022-10-31,Medium
CUST002162,Karan Kapoor,Chandigarh,Savings,Low,2022-01-05,Medium
CUST002163,Neha Pillai,Coimbatore,Savings,Premium,2018-09-24,Medium
CUST002164,Aarav Rao,Vadodara,Salary,High,2020-04-27,Low
CUST002165,Neha Bansal,Ahmedabad,Savings,Mid,2021-11-19,High
CUST002166,Rohan Rao,Kanpur,Savings,Low,2018-12-22,Low
CUST002167,Neha Iyer,Mumbai,Salary,Low,2020-10-05,Low
CUST002168,Anika Verma,Lucknow,Savings,Low,2021-04-04,Low
CUST002169,Amit Singh,Indore,Salary,Low,2019-01-03,Medium
CUST002170,Kavya Pillai,Ludhiana,Salary,High,2018-06-19,Medium
CUST002171,Sneha Iyer,Kolkata,Salary,Low,2019-06-11,High
CUST002172,Rahul Verma,Lucknow,Savings,High,2020-01-13,Low
CUST002173,Priya Verma,Kanpur,Salary,High,2022-04-19,High
CUST002174,Diya Rao,Nagpur,Savings,Low,2019-06-14,Low
CUST002175,Diya Chatterjee,Delhi,Savings,High,2021-12-09,Low
CUST002176,Nikhil Iyer,Patna,Savings,Premium,2019-10-11,High
CUST002177,Arjun Malhotra,Kolkata,Salary,Mid,2021-08-01,Medium
CUST002178,Vihaan Desai,Patna,Current,High,2018-10-14,Low
CUST002179,Neha Mehta,Vadodara,Savings,Low,2018-09-12,Medium
CUST002180,Ananya Chatterjee,Pune,Savings,High,2017-11-20,Medium
CUST002181,Anika Joshi,Jaipur,Salary,Low,2021-05-14,High
CUST002182,Aditya Chatterjee,Delhi,Savings,Low,2020-12-25,Low
CUST002183,Aarohi Kulkarni,Coimbatore,Savings,Mid,2019-12-20,Low
CUST002184,Aarohi Agarwal,Hyderabad,Savings,Mid,2019-02-12,Medium
CUST002185,Priya Kapoor,Patna,Savings,Mid,2020-05-21,Medium
CUST002186,Diya Iyer,Ludhiana,Savings,High,2021-11-12,Low
CUST002187,Aditya Iyer,Coimbatore,Current,High,2020-09-23,Low
CUST002188,Ishaan Iyer,Chennai,Savings,Low,2022-04-23,Medium
CUST002189,Krishna Reddy,Chennai,Savings,Low,2019-01-05,Medium
CUST002190,Aarohi Nair,Ahmedabad,Savings,Mid,2018-01-06,Medium
CUST002191,Anika Sharma,Kolkata,Savings,Mid,2021-04-11,Low
CUST002192,Karan Agarwal,Indore,Savings,High,2017-09-11,Medium
CUST002193,Aarohi Chatterjee,Ahmedabad,Savings,Premium,2020-07-25,Medium
CUST002194,Rahul Sharma,Coimbatore,Salary,Mid,2021-04-14,High
CUST002195,Aditya Sharma,Kolkata,Savings,High,2018-01-12,Medium
CUST002196,Pooja Kulkarni,Pune,Savings,Mid,2019-04-22,Low
CUST002197,Saanvi Pillai,Lucknow,Salary,Low,2020-12-30,Medium
CUST002198,Aarohi Pillai,Lucknow,Savings,Low,2019-03-10,High
CUST002199,Pooja Agarwal,Bhopal,Savings,High,2020-06-04,Low
CUST002200,Ishaan Pillai,Coimbatore,Current,Low,2022-03-07,Medium
CUST002201,Sai Singh,Surat,Salary,Mid,2021-08-25,Medium
CUST002202,Diya Kapoor,Chandigarh,Savings,High,2018-08-09,Low
CUST002203,Arjun Chatterjee,Delhi,Savings,Low,2021-04-29,High
CUST002204,Sai Bose,Coimbatore,Salary,Low,2017-09-27,Medium
CUST002205,Nikhil Agarwal,Chennai,Savings,Low,2021-04-27,Low
CUST002206,Sai Nair,Chennai,Savings,High,2022-01-06,Medium
CUST002207,Vihaan Verma,Pune,Salary,Mid,2021-02-22,Low
CUST002208,Arjun Rao,Vadodara,Savings,Mid,2021-06-17,Medium
CUST002209,Sai Mehta,Kanpur,Savings,High,2019-10-08,High
CUST002210,Karan Malhotra,Delhi,Salary,Mid,2020-12-28,Medium
CUST002211,Diya Rao,Ahmedabad,Savings,Mid,2019-11-23,Medium
CUST002212,Kavya Kapoor,Chennai,Salary,Mid,2022-03-29,Medium
CUST002213,Aadhya Desai,Mumbai,Salary,High,2018-08-12,Low
CUST002214,Myra Malhotra,Ahmedabad,Salary,Mid,2022-01-17,Medium
CUST002215,Rahul Agarwal,Mumbai,Salary,Mid,2020-01-28,Low
CUST002216,Rohan Kapoor,Lucknow,Salary,Mid,2020-04-06,High
CUST002217,Amit Pillai,Surat,Salary,Mid,2019-03-08,Low
CUST002218,Sneha Pillai,Ahmedabad,Savings,High,2018-11-01,Low
CUST002219,Ananya Reddy,Coimbatore,Savings,Low,2018-10-26,Low
CUST002220,Priya Verma,Chandigarh,Savings,Low,2022-02-20,Low
CUST002221,Vihaan Kapoor,Patna,Savings,Mid,2022-10-13,Medium
CUST002222,Isha Patel,Nagpur,Salary,High,2020-06-02,Medium
CUST002223,Aditya Malhotra,Kanpur,Salary,Low,2022-08-12,Low
CUST002224,Rohan Mehta,Ludhiana,Savings,Low,2019-08-26,High
CUST002225,Ayaan Singh,Bhopal,Savings,Low,2021-10-28,Low
CUST002226,Aditya Agarwal,Mumbai,Salary,High,2018-02-27,Low
CUST002227,Karan Iyer,Coimbatore,Savings,Mid,2020-01-19,Medium
CUST002228,Reyansh Desai,Nagpur,Salary,Low,2021-02-20,Medium
CUST002229,Isha Kulkarni,Ludhiana,Savings,Mid,2017-08-18,Medium
CUST002230,Sonal Chatterjee,Delhi,Savings,Mid,2020-09-09,Low
CUST002231,Nikhil Joshi,Ahmedabad,Savings,High,2020-11-05,Medium
CUST002232,Diya Sharma,Nagpur,Salary,High,2021-04-29,Medium
CUST002233,Diya Kapoor,Kanpur,Savings,Mid,2020-06-03,High
CUST002234,Aditya Mehta,Patna,Salary,Low,2018-11-03,Medium
CUST002235,Rahul Joshi,Coimbatore,Savings,Mid,2018-06-01,Medium
CUST002236,Ishaan Gupta,Coimbatore,Current,High,2018-05-27,Medium
CUST002237,Rahul Joshi,Indore,Current,Mid,2022-02-20,Low
CUST002238,Isha Iyer,Vadodara,Salary,Low,2022-02-11,High
CUST002239,Ishaan Desai,Kolkata,Savings,High,2018-01-21,Low
CUST002240,Ananya Iyer,Bhopal,Savings,Mid,2017-09-08,Low
CUST002241,Amit Bansal,Vadodara,Savings,High,2022-06-04,High
CUST002242,Saanvi Singh,Mumbai,Salary,Mid,2020-08-06,Low
CUST002243,Kavya Rao,Chennai,Savings,Low,2018-12-09,High
CUST002244,Amit Nair,Vadodara,Savings,High,2021-10-20,Low
CUST002245,Pooja Bansal,Chennai,Savings,Premium,2021-04-19,Low
CUST002246,Aarohi Verma,Patna,Current,Mid,2018-04-22,Low
CUST002247,Pooja Pillai,Surat,Current,Low,2021-03-20,Low
CUST002248,Kavya Rao,Chandigarh,Salary,Low,2021-08-30,High
CUST002249,Sneha Sharma,Mumbai,Current,Mid,2022-01-21,Medium
CUST002250,Ishaan Desai,Jaipur,Current,Low,2022-03-23,Medium
CUST002251,Saanvi Gupta,Surat,Salary,Low,2020-02-29,Medium
CUST002252,Aarav Reddy,Pune,Savings,Low,2018-08-19,Medium
CUST002253,Aarohi Iyer,Jaipur,Salary,High,2019-07-25,High
CUST002254,Riya Desai,Kanpur,Savings,Low,2019-10-01,Low
CUST002255,Neha Singh,Indore,Savings,Low,2019-05-26,Medium
CUST002256,Nikhil Reddy,Chandigarh,Current,High,2020-10-29,Low
CUST002257,Rahul Pillai,Bhopal,Savings,High,2022-10-28,Low
CUST002258,Sai Pillai,Jaipur,Salary,High,2022-08-05,Low
CUST002259,Ananya Rao,Ahmedabad,Savings,Mid,2017-12-30,Medium
CUST002260,Diya Gupta,Ahmedabad,Current,Mid,2022-08-16,Low
CUST002261,Diya Joshi,Jaipur,Savings,Mid,2019-05-09,Medium
CUST002262,Vivaan Kapoor,Kanpur,Salary,Low,2021-04-14,High
CUST002263,Rohan Iyer,Bhopal,Salary,Premium,2020-01-15,High
CUST002264,Amit Gupta,Kolkata,Salary,Mid,2018-08-19,Medium
CUST002265,Isha Gupta,Hyderabad,Savings,Mid,2019-11-15,Medium
CUST002266,Neha Malhotra,Lucknow,Current,Low,2018-04-14,Medium
CUST002267,Krishna Chatterjee,Surat,Savings,Low,2022-05-20,Low
CUST002268,Riya Chatterjee,Patna,Savings,Low,2018-04-21,Medium
CUST002269,Aarav Nair,Ahmedabad,Salary,Mid,2020-01-06,Medium
CUST002270,Diya Desai,Surat,Savings,Mid,2020-08-11,Medium
CUST002271,Sonal Gupta,Lucknow,Savings,High,2022-05-07,Low
CUST002272,Arjun Kulkarni,Kolkata,Savings,High,2021-09-06,Low
CUST002273,Sneha Agarwal,Kolkata,Current,Low,2019-06-25,High
CUST002274,Neha Agarwal,Bhopal,Savings,High,2018-12-04,Medium
CUST002275,Nikhil Reddy,Patna,Current,Premium,2020-07-31,Low
CUST002276,Sonal Iyer,Coimbatore,Savings,High,2022-04-08,Low
CUST002277,Sonal Sharma,Ahmedabad,Savings,Mid,2020-03-25,High
CUST002278,Ishaan Chatterjee,Kanpur,Savings,Low,2022-02-21,High
CUST002279,Priya Bose,Coimbatore,Savings,High,2019-12-27,Medium
CUST002280,Sai Kapoor,Lucknow,Savings,Mid,2022-10-05,High
CUST002281,Ayaan Nair,Hyderabad,Savings,High,2018-02-12,Low
CUST002282,Nikhil Patel,Ahmedabad,Current,Low,2021-03-13,Low
CUST002283,Reyansh Nair,Ahmedabad,Savings,Mid,2022-06-25,Medium
CUST002284,Nikhil Reddy,Indore,Savings,Low,2022-06-26,High
CUST002285,Amit Desai,Mumbai,Salary,High,2018-09-03,Low
CUST002286,Vivaan Mehta,Indore,Salary,Low,2022-04-26,Low
CUST002287,Sneha Kulkarni,Delhi,Salary,High,2019-08-06,Low
CUST002288,Aarohi Reddy,Delhi,Current,High,2017-10-29,Low
CUST002289,Vivaan Iyer,Jaipur,Savings,Mid,2021-03-25,Medium
CUST002290,Amit Reddy,Mumbai,Salary,Low,2018-07-14,High
CUST002291,Sonal Bose,Hyderabad,Savings,Mid,2021-10-08,Medium
CUST002292,Priya Mehta,Vadodara,Salary,Low,2021-11-19,Medium
CUST002293,Aarav Iyer,Kanpur,Savings,Low,2022-02-07,Medium
CUST002294,Riya Chatterjee,Jaipur,Salary,Low,2020-12-11,Low
CUST002295,Neha Kulkarni,Chennai,Savings,Low,2018-07-17,High
CUST002296,Ayaan Kulkarni,Ludhiana,Savings,Premium,2019-09-22,Medium
CUST002297,Vihaan Pillai,Bengaluru,Savings,Low,2018-08-22,Medium
CUST002298,Anika Mehta,Mumbai,Current,High,2018-11-28,Medium
CUST002299,Ishaan Gupta,Kolkata,Salary,Mid,2017-11-12,High
CUST002300,Aarav Reddy,Patna,Savings,Low,2017-09-27,Medium
CUST002301,Sonal Kulkarni,Kolkata,Savings,Low,2018-02-23,Low
CUST002302,Diya Pillai,Chandigarh,Savings,Mid,2021-11-18,Low
CUST002303,Karan Reddy,Coimbatore,Salary,Low,2021-11-27,High
CUST002304,Aadhya Joshi,Kanpur,Savings,Mid,2021-09-20,High
CUST002305,Ayaan Joshi,Bhopal,Savings,Low,2022-04-15,Low
CUST002306,Vihaan Rao,Lucknow,Savings,Low,2022-04-21,High
CUST002307,Arjun Desai,Bhopal,Savings,Mid,2018-08-24,High
CUST002308,Nikhil Kapoor,Kanpur,Savings,Low,2019-10-18,Medium
CUST002309,Aditya Malhotra,Delhi,Savings,Mid,2020-02-25,Medium
CUST002310,Aadhya Kapoor,Hyderabad,Salary,Mid,2020-05-11,Medium
CUST002311,Rahul Kapoor,Ludhiana,Savings,Low,2019-01-25,Medium
CUST002312,Ayaan Agarwal,Coimbatore,Current,Low,2020-08-20,Medium
CUST002313,Neha Joshi,Surat,Salary,Low,2021-11-11,Medium
CUST002314,Priya Desai,Bengaluru,Salary,Low,2017-08-27,High
CUST002315,Sai Sharma,Kanpur,Savings,Mid,2019-02-21,Medium
CUST002316,Karan Reddy,Chandigarh,Savings,High,2020-09-12,Low
CUST002317,Anika Iyer,Coimbatore,Savings,High,2022-04-02,Medium
CUST002318,Aadhya Bansal,Ahmedabad,Savings,Mid,2019-01-09,Low
CUST002319,Vihaan Gupta,Vadodara,Savings,High,2022-07-23,Medium
CUST002320,Reyansh Malhotra,Kanpur,Salary,Mid,2021-10-18,High
CUST002321,Neha Bansal,Ludhiana,Savings,Mid,2022-03-26,High
CUST002322,Pooja Joshi,Pune,Savings,Mid,2018-11-08,Low
CUST002323,Krishna Pillai,Chandigarh,Savings,High,2019-08-05,Medium
CUST002324,Amit Bansal,Jaipur,Savings,Mid,2020-12-03,Medium
CUST002325,Karan Bose,Chandigarh,Savings,Low,2017-08-05,Medium
CUST002326,Aarohi Kulkarni,Nagpur,Salary,Mid,2021-05-10,High
CUST002327,Amit Rao,Ahmedabad,Savings,High,2022-04-25,Low
CUST002328,Krishna Desai,Hyderabad,Current,Mid,2020-02-18,High
CUST002329,Rohan Nair,Pune,Savings,High,2022-10-03,Medium
CUST002330,Rahul Verma,Hyderabad,Savings,Mid,2018-04-07,Low
CUST002331,Aarohi Sharma,Bengaluru,Savings,Premium,2021-12-01,Low
CUST002332,Isha Malhotra,Nagpur,Current,Low,2022-01-24,Medium
CUST002333,Isha Bose,Surat,Current,Mid,2022-05-19,Medium
CUST002334,Karan Kulkarni,Bengaluru,Savings,Mid,2018-08-14,Low
CUST002335,Sneha Rao,Chandigarh,Salary,High,2021-10-15,Medium
CUST002336,Karan Desai,Surat,Savings,Mid,2020-03-03,Low
CUST002337,Krishna Agarwal,Bhopal,Savings,Low,2020-12-29,Low
CUST002338,Kavya Sharma,Patna,Savings,High,2017-07-31,Low
CUST002339,Saanvi Reddy,Delhi,Salary,Mid,2020-10-08,Low
CUST002340,Ananya Bansal,Coimbatore,Savings,Low,2020-06-09,Medium
CUST002341,Vivaan Verma,Coimbatore,Salary,Mid,2021-12-05,High
CUST002342,Karan Kapoor,Patna,Salary,High,2017-12-17,Medium
CUST002343,Aarohi Joshi,Chennai,Current,Low,2022-03-02,Medium
CUST002344,Nikhil Bansal,Surat,Salary,Low,2020-03-09,Low
CUST002345,Riya Desai,Hyderabad,Salary,Mid,2019-03-22,Medium
CUST002346,Karan Agarwal,Patna,Savings,High,2019-09-18,Medium
CUST002347,Aarohi Agarwal,Chandigarh,Salary,Mid,2018-02-17,Medium
CUST002348,Anika Verma,Chennai,Salary,Mid,2020-09-22,Low
CUST002349,Aarohi Pillai,Jaipur,Savings,Premium,2020-10-20,Medium
CUST002350,Karan Chatterjee,Ludhiana,Savings,Low,2018-08-16,Medium
CUST002351,Ananya Verma,Surat,Savings,High,2022-10-06,High
CUST002352,Vivaan Nair,Vadodara,Savings,Mid,2018-03-24,Low
CUST002353,Diya Pillai,Kanpur,Savings,High,2022-10-08,High
CUST002354,Aadhya Reddy,Lucknow,Current,High,2020-07-09,Medium
CUST002355,Diya Joshi,Kanpur,Salary,Mid,2020-12-13,Low
CUST002356,Karan Patel,Delhi,Savings,Mid,2021-07-13,Medium
CUST002357,Rohan Kapoor,Pune,Savings,Low,2019-08-07,Medium
CUST002358,Sonal Iyer,Bengaluru,Salary,Mid,2018-01-18,Low
CUST002359,Vihaan Malhotra,Surat,Savings,Mid,2021-12-20,Medium
CUST002360,Kavya Malhotra,Mumbai,Salary,Mid,2022-09-17,Medium
CUST002361,Karan Joshi,Coimbatore,Salary,Low,2019-09-26,Medium
CUST002362,Priya Joshi,Bhopal,Salary,Mid,2021-06-04,Low
CUST002363,Nikhil Desai,Mumbai,Salary,Mid,2019-08-16,Medium
CUST002364,Ananya Bansal,Mumbai,Savings,Low,2019-09-21,High
CUST002365,Ananya Pillai,Nagpur,Savings,Mid,2022-05-16,Medium
CUST002366,Vihaan Mehta,Chandigarh,Salary,Mid,2021-01-13,Low
CUST002367,Anika Malhotra,Chandigarh,Salary,Low,2021-12-26,Low
CUST002368,Ishaan Chatterjee,Ludhiana,Current,Low,2020-06-23,Medium
CUST002369,Aarohi Iyer,Kolkata,Savings,Low,2018-03-17,Low
CUST002370,Reyansh Kapoor,Patna,Salary,Low,2021-06-07,Medium
CUST002371,Ishaan Pillai,Delhi,Current,High,2020-08-31,Medium
CUST002372,Isha Iyer,Pune,Savings,Low,2018-11-24,High
CUST002373,Vihaan Pillai,Vadodara,Savings,High,2021-01-12,Medium
CUST002374,Aditya Pillai,Jaipur,Current,Mid,2018-06-06,Low
CUST002375,Aarohi Joshi,Bhopal,Salary,Mid,2021-09-29,Medium
CUST002376,Sneha Iyer,Kanpur,Savings,Mid,2019-04-08,Low
CUST002377,Anika Kapoor,Surat,Current,Low,2020-06-29,Low
CUST002378,Ananya Mehta,Patna,Salary,Mid,2020-08-06,Low
CUST002379,Krishna Bose,Nagpur,Salary,Mid,2020-01-12,High
CUST002380,Karan Agarwal,Coimbatore,Salary,Mid,2021-11-28,Low
CUST002381,Rohan Kulkarni,Mumbai,Savings,Premium,2018-01-31,Medium
CUST002382,Riya Desai,Chennai,Current,Low,2021-09-22,Medium
CUST002383,Krishna Agarwal,Coimbatore,Savings,High,2018-05-21,Medium
CUST002384,Neha Joshi,Ludhiana,Salary,Mid,2017-09-05,Low
CUST002385,Rahul Verma,Vadodara,Salary,Premium,2019-12-29,Low
CUST002386,Diya Rao,Kolkata,Savings,High,2022-02-03,Medium
CUST002387,Arjun Kapoor,Pune,Salary,Low,2018-03-10,Medium
CUST002388,Saanvi Malhotra,Indore,Salary,Mid,2018-02-05,Medium
CUST002389,Rohan Mehta,Bengaluru,Savings,High,2018-03-06,High
CUST002390,Krishna Kapoor,Indore,Savings,Mid,2019-04-19,Low
CUST002391,Krishna Bose,Chennai,Salary,Mid,2021-08-06,Medium
CUST002392,Ayaan Reddy,Nagpur,Savings,High,2022-01-29,Medium
CUST002393,Aarav Patel,Kolkata,Salary,Premium,2018-06-14,Low
CUST002394,Myra Desai,Surat,Savings,Mid,2019-10-13,Medium
CUST002395,Saanvi Verma,Indore,Salary,High,2021-10-15,Low
CUST002396,Krishna Nair,Chennai,Salary,Premium,2022-10-04,Medium
CUST002397,Sneha Singh,Jaipur,Salary,Mid,2019-03-25,Medium
CUST002398,Sai Verma,Patna,Savings,Mid,2018-11-14,Low
CUST002399,Sneha Sharma,Chandigarh,Savings,High,2022-08-11,Low
CUST002400,Ananya Bose,Bengaluru,Current,High,2021-04-01,High
CUST002401,Priya Joshi,Bengaluru,Savings,Mid,2017-11-22,Medium
CUST002402,Karan Iyer,Kanpur,Current,Low,2020-09-11,Low
CUST002403,Ayaan Reddy,Ahmedabad,Savings,Low,2019-09-20,Medium
CUST002404,Sonal Reddy,Bhopal,Savings,High,2019-12-30,Low
CUST002405,Amit Kulkarni,Vadodara,Savings,Low,2021-07-05,Low
CUST002406,Priya Iyer,Chandigarh,Salary,Mid,2021-08-02,Medium
CUST002407,Vihaan Malhotra,Ludhiana,Current,Premium,2021-01-27,High
CUST002408,Rahul Bansal,Vadodara,Savings,Low,2018-05-27,Medium
CUST002409,Sonal Joshi,Pune,Current,High,2021-09-12,High
CUST002410,Vihaan Gupta,Ahmedabad,Current,Low,2021-09-20,Medium
CUST002411,Myra Joshi,Jaipur,Savings,Low,2021-06-30,Low
CUST002412,Vivaan Desai,Vadodara,Savings,Mid,2019-12-06,Medium
CUST002413,Nikhil Reddy,Kanpur,Salary,Mid,2021-02-22,Medium
CUST002414,Saanvi Desai,Patna,Salary,Mid,2019-02-03,High
CUST002415,Krishna Nair,Pune,Savings,Low,2020-11-19,Low
CUST002416,Nikhil Chatterjee,Chandigarh,Salary,Low,2018-04-25,High
CUST002417,Aarav Bose,Surat,Salary,Low,2022-09-22,High
CUST002418,Nikhil Patel,Delhi,Savings,High,2021-07-02,High
CUST002419,Aadhya Kapoor,Patna,Salary,Low,2019-05-04,Low
CUST002420,Priya Reddy,Kanpur,Salary,Low,2019-12-03,Medium
CUST002421,Neha Rao,Pune,Savings,Low,2020-09-28,Medium
CUST002422,Sonal Bansal,Mumbai,Salary,Low,2017-09-20,Low
CUST002423,Ishaan Iyer,Jaipur,Savings,Low,2017-09-02,Medium
CUST002424,Ishaan Mehta,Pune,Savings,Mid,2018-02-06,High
CUST002425,Sonal Rao,Chennai,Savings,Mid,2019-05-19,Medium
CUST002426,Priya Joshi,Lucknow,Savings,High,2018-06-30,Low
CUST002427,Krishna Iyer,Delhi,Salary,High,2018-04-22,Medium
CUST002428,Aarohi Joshi,Chandigarh,Savings,Low,2017-09-22,Medium
CUST002429,Nikhil Joshi,Lucknow,Savings,Low,2018-01-02,Medium
CUST002430,Pooja Gupta,Hyderabad,Current,Low,2019-01-02,High
CUST002431,Anika Iyer,Jaipur,Savings,High,2020-12-12,Low
CUST002432,Isha Agarwal,Indore,Savings,Mid,2018-10-14,High
CUST002433,Myra Sharma,Lucknow,Savings,Low,2018-08-25,Medium
CUST002434,Rohan Gupta,Delhi,Savings,Mid,2019-05-22,Medium
CUST002435,Sneha Nair,Coimbatore,Salary,Low,2022-11-26,Low
CUST002436,Reyansh Kapoor,Nagpur,Salary,High,2021-02-28,Low
CUST002437,Aditya Reddy,Vadodara,Savings,High,2022-01-13,High
CUST002438,Anika Nair,Pune,Savings,Mid,2018-03-04,Medium
CUST002439,Karan Joshi,Ludhiana,Current,Low,2018-06-23,Low
CUST002440,Myra Desai,Lucknow,Savings,Mid,2018-01-09,High
CUST002441,Krishna Gupta,Ahmedabad,Savings,Low,2019-01-25,Medium
CUST002442,Pooja Malhotra,Vadodara,Savings,High,2018-06-09,Low
CUST002443,Reyansh Iyer,Surat,Salary,Low,2020-08-06,Low
CUST002444,Sai Bansal,Kanpur,Savings,Mid,2018-01-03,High
CUST002445,Pooja Pillai,Nagpur,Savings,Premium,2021-08-30,Medium
CUST002446,Aarav Agarwal,Mumbai,Savings,Low,2019-04-17,Low
CUST002447,Rohan Patel,Ludhiana,Savings,Mid,2017-11-01,High
CUST002448,Myra Mehta,Bengaluru,Salary,Mid,2021-06-14,Medium
CUST002449,Vivaan Bansal,Chennai,Savings,Mid,2019-06-16,Medium
CUST002450,Isha Singh,Indore,Salary,Mid,2022-01-31,High
CUST002451,Diya Gupta,Bengaluru,Savings,Low,2017-08-11,Medium
CUST002452,Vihaan Sharma,Vadodara,Savings,Mid,2018-11-22,Medium
CUST002453,Saanvi Rao,Bhopal,Current,Premium,2018-04-13,Low
CUST002454,Vihaan Patel,Chandigarh,Salary,High,2018-12-02,Medium
CUST002455,Reyansh Singh,Kolkata,Salary,Mid,2021-04-22,Medium
CUST002456,Aadhya Nair,Chandigarh,Savings,Mid,2020-07-02,Medium
CUST002457,Isha Mehta,Kolkata,Current,Low,2018-04-20,Medium
CUST002458,Rahul Mehta,Surat,Savings,Mid,2020-07-29,Medium
CUST002459,Saanvi Nair,Chennai,Savings,Low,2022-10-05,Medium
CUST002460,Krishna Patel,Surat,Salary,Mid,2019-06-16,Low
CUST002461,Sonal Patel,Coimbatore,Savings,Mid,2020-11-05,High
CUST002462,Karan Rao,Vadodara,Salary,Mid,2022-06-10,Medium
CUST002463,Aarohi Nair,Mumbai,Current,Low,2018-01-13,Low
CUST002464,Nikhil Bansal,Lucknow,Salary,Mid,2019-01-26,Low
CUST002465,Nikhil Bansal,Kolkata,Savings,High,2018-12-13,Low
CUST002466,Rahul Bose,Indore,Savings,Low,2021-06-26,High
CUST002467,Vihaan Agarwal,Bengaluru,Savings,Mid,2022-08-04,Low
CUST002468,Ananya Patel,Delhi,Salary,Mid,2020-04-12,Medium
CUST002469,Isha Bose,Kanpur,Savings,Mid,2018-12-10,Medium
CUST002470,Aarav Singh,Delhi,Savings,Premium,2020-02-03,Medium
CUST002471,Aadhya Kapoor,Ludhiana,Savings,Mid,2020-09-15,Low
CUST002472,Arjun Agarwal,Kanpur,Savings,High,2022-09-09,Medium
CUST002473,Sai Singh,Vadodara,Savings,Low,2021-12-20,Low
CUST002474,Aarohi Malhotra,Bhopal,Savings,High,2017-12-31,Medium
CUST002475,Arjun Iyer,Coimbatore,Savings,Mid,2021-02-21,Medium
CUST002476,Saanvi Nair,Bhopal,Savings,Mid,2021-06-17,Medium
CUST002477,Ananya Verma,Hyderabad,Salary,Mid,2022-03-16,Low
CUST002478,Neha Singh,Chandigarh,Savings,Mid,2018-09-23,Low
CUST002479,Sonal Joshi,Kanpur,Salary,Low,2021-05-02,Low
CUST002480,Isha Singh,Jaipur,Savings,Low,2020-01-09,Low
CUST002481,Saanvi Gupta,Lucknow,Savings,Mid,2021-02-24,Low
CUST002482,Amit Nair,Chandigarh,Savings,Mid,2019-10-21,Medium
CUST002483,Vivaan Mehta,Coimbatore,Savings,Mid,2022-02-01,Medium
CUST002484,Ayaan Gupta,Delhi,Savings,Low,2022-09-20,Medium
CUST002485,Krishna Gupta,Chandigarh,Salary,Low,2018-12-18,High
CUST002486,Saanvi Reddy,Coimbatore,Salary,Premium,2017-11-25,Medium
CUST002487,Vivaan Rao,Chandigarh,Savings,Low,2020-12-02,Medium
CUST002488,Aarohi Rao,Patna,Current,Mid,2020-02-27,Medium
CUST002489,Neha Nair,Hyderabad,Savings,Mid,2022-03-24,High
CUST002490,Aditya Mehta,Kanpur,Salary,Mid,2018-01-19,Medium
CUST002491,Sai Gupta,Surat,Savings,High,2018-09-19,High
CUST002492,Pooja Singh,Bhopal,Savings,Mid,2019-10-06,Medium
CUST002493,Reyansh Pillai,Vadodara,Savings,Mid,2022-11-24,High
CUST002494,Amit Pillai,Bhopal,Savings,Mid,2021-11-28,Low
CUST002495,Sonal Iyer,Indore,Savings,Mid,2021-07-16,Medium
CUST002496,Karan Reddy,Chandigarh,Savings,Mid,2017-12-11,High
CUST002497,Aarav Kapoor,Lucknow,Salary,Mid,2019-02-06,Low
CUST002498,Aadhya Chatterjee,Hyderabad,Savings,Mid,2019-08-11,Medium
CUST002499,Pooja Malhotra,Hyderabad,Savings,High,2022-01-22,Low
CUST002500,Aditya Rao,Mumbai,Savings,High,2018-04-06,Medium
CUST002501,Myra Singh,Chandigarh,Salary,Mid,2019-08-04,Low
CUST002502,Ananya Verma,Mumbai,Salary,Low,2019-03-30,High
CUST002503,Myra Malhotra,Ludhiana,Savings,Mid,2017-08-10,Medium
CUST002504,Arjun Mehta,Vadodara,Salary,Premium,2018-01-30,High
CUST002505,Sneha Kapoor,Delhi,Savings,Low,2021-02-09,Medium
CUST002506,Rahul Iyer,Delhi,Savings,High,2019-11-08,Low
CUST002507,Aadhya Iyer,Ludhiana,Savings,High,2020-09-07,Medium
CUST002508,Sai Patel,Jaipur,Salary,Mid,2018-08-07,Medium
CUST002509,Aditya Sharma,Nagpur,Salary,Mid,2018-02-21,Medium
CUST002510,Sai Bansal,Kolkata,Salary,Mid,2018-07-20,Low
CUST002511,Ishaan Nair,Nagpur,Savings,Low,2022-03-31,Low
CUST002512,Aarohi Joshi,Surat,Salary,Mid,2018-10-17,Medium
CUST002513,Priya Bose,Surat,Savings,High,2022-03-09,Medium
CUST002514,Karan Reddy,Kanpur,Savings,Mid,2018-04-03,Low
CUST002515,Anika Mehta,Kanpur,Current,Mid,2020-03-05,Low
CUST002516,Priya Bansal,Coimbatore,Salary,Low,2020-04-01,Low
CUST002517,Riya Bose,Jaipur,Salary,High,2020-07-19,High
CUST002518,Amit Joshi,Bengaluru,Salary,Mid,2018-05-17,Medium
CUST002519,Isha Gupta,Kanpur,Savings,Mid,2020-06-26,Low
CUST002520,Aditya Verma,Indore,Savings,Mid,2020-01-16,High
CUST002521,Myra Patel,Lucknow,Salary,High,2019-04-16,Low
CUST002522,Sonal Desai,Ahmedabad,Savings,High,2019-12-19,High
CUST002523,Aditya Kapoor,Bhopal,Savings,High,2020-04-18,High
CUST002524,Aditya Desai,Indore,Savings,Low,2021-03-27,Medium
CUST002525,Arjun Kapoor,Ahmedabad,Salary,Low,2018-03-15,Low
CUST002526,Anika Joshi,Pune,Salary,Low,2021-04-06,Medium
CUST002527,Vivaan Agarwal,Vadodara,Salary,High,2022-06-29,Medium
CUST002528,Anika Reddy,Delhi,Savings,Mid,2020-01-22,Low
CUST002529,Saanvi Reddy,Indore,Salary,Mid,2020-04-25,Medium
CUST002530,Pooja Singh,Vadodara,Savings,High,2020-12-05,Low
CUST002531,Riya Iyer,Jaipur,Salary,Low,2018-08-11,Medium
CUST002532,Aarav Reddy,Bhopal,Savings,High,2018-10-08,High
CUST002533,Sai Gupta,Coimbatore,Savings,Low,2018-03-12,High
CUST002534,Vivaan Iyer,Nagpur,Salary,Low,2020-08-02,Low
CUST002535,Ananya Pillai,Surat,Current,Mid,2018-11-11,Medium
CUST002536,Amit Rao,Coimbatore,Savings,Mid,2019-06-04,Medium
CUST002537,Ananya Gupta,Jaipur,Savings,Low,2021-09-26,Medium
CUST002538,Aditya Bose,Chennai,Current,Low,2021-06-19,Medium
CUST002539,Saanvi Agarwal,Hyderabad,Savings,Low,2022-10-27,Medium
CUST002540,Aadhya Reddy,Mumbai,Current,High,2022-11-05,Medium
CUST002541,Rohan Desai,Chennai,Salary,High,2020-05-04,Low
CUST002542,Neha Bose,Nagpur,Savings,Mid,2018-11-07,Medium
CUST002543,Ishaan Bose,Chandigarh,Savings,High,2018-05-12,High
CUST002544,Diya Bansal,Ludhiana,Savings,High,2018-05-30,Medium
CUST002545,Aditya Nair,Surat,Current,Low,2022-03-01,Medium
CUST002546,Reyansh Reddy,Mumbai,Savings,Low,2018-05-06,Medium
CUST002547,Nikhil Mehta,Mumbai,Savings,Low,2018-02-07,Medium
CUST002548,Reyansh Desai,Mumbai,Savings,Low,2019-04-14,Low
CUST002549,Rohan Patel,Ahmedabad,Salary,Low,2020-06-23,Medium
CUST002550,Reyansh Iyer,Patna,Savings,Low,2021-03-26,Medium
CUST002551,Arjun Desai,Coimbatore,Savings,Low,2020-07-21,Low
CUST002552,Vihaan Gupta,Mumbai,Salary,High,2017-11-10,Medium
CUST002553,Rahul Rao,Ahmedabad,Salary,High,2020-03-14,Medium
CUST002554,Aarav Rao,Chandigarh,Savings,Mid,2019-08-22,Medium
CUST002555,Reyansh Kapoor,Pune,Savings,High,2019-09-23,Medium
CUST002556,Vivaan Malhotra,Nagpur,Salary,Low,2022-11-16,Medium
CUST002557,Rohan Joshi,Hyderabad,Savings,High,2020-08-03,Medium
CUST002558,Rahul Pillai,Chandigarh,Salary,Mid,2019-07-31,Medium
CUST002559,Ishaan Verma,Patna,Salary,Mid,2020-03-09,Medium
CUST002560,Aarohi Kulkarni,Nagpur,Savings,Premium,2019-08-10,Low
CUST002561,Sonal Desai,Ludhiana,Savings,Premium,2021-08-15,Medium
CUST002562,Anika Sharma,Delhi,Savings,Mid,2020-07-21,Medium
CUST002563,Ananya Agarwal,Vadodara,Savings,High,2022-07-25,Medium
CUST002564,Priya Joshi,Jaipur,Savings,High,2017-12-08,High
CUST002565,Vihaan Desai,Chandigarh,Salary,Low,2019-06-06,High
CUST002566,Myra Joshi,Kanpur,Savings,Mid,2022-10-21,Medium
CUST002567,Ishaan Mehta,Chennai,Savings,Low,2020-04-15,High
CUST002568,Myra Patel,Kanpur,Salary,High,2020-01-28,Medium
CUST002569,Riya Malhotra,Pune,Savings,Low,2017-10-02,Medium
CUST002570,Neha Rao,Ludhiana,Savings,High,2022-03-09,High
CUST002571,Rahul Bansal,Surat,Savings,Low,2017-07-16,Low
CUST002572,Pooja Chatterjee,Indore,Savings,Mid,2018-06-16,High
CUST002573,Sneha Gupta,Chandigarh,Current,Low,2019-06-08,Medium
CUST002574,Ishaan Iyer,Kolkata,Salary,Premium,2019-03-07,High
CUST002575,Arjun Gupta,Chandigarh,Salary,Low,2021-10-20,High
CUST002576,Isha Desai,Chennai,Savings,Low,2022-05-10,Medium
CUST002577,Aarohi Kapoor,Indore,Savings,Premium,2021-08-09,Medium
CUST002578,Kavya Verma,Kolkata,Savings,Low,2022-10-26,High
CUST002579,Priya Singh,Kanpur,Salary,Low,2020-12-01,High
CUST002580,Sai Kulkarni,Chennai,Salary,Low,2022-09-28,Low
CUST002581,Ananya Joshi,Bengaluru,Savings,Mid,2022-04-13,Medium
CUST002582,Ayaan Reddy,Ludhiana,Savings,Low,2019-10-09,Medium
CUST002583,Aarohi Singh,Pune,Salary,Low,2021-01-05,Medium
CUST002584,Amit Verma,Kanpur,Savings,Mid,2018-08-08,Medium
CUST002585,Krishna Nair,Patna,Savings,Low,2018-02-19,Low
CUST002586,Isha Reddy,Bhopal,Savings,High,2018-12-17,High
CUST002587,Sonal Rao,Delhi,Savings,High,2018-06-10,Medium
CUST002588,Pooja Reddy,Coimbatore,Savings,Low,2022-04-30,Medium
CUST002589,Isha Reddy,Ludhiana,Salary,Mid,2018-04-21,Low
CUST002590,Vivaan Kulkarni,Patna,Savings,Mid,2022-05-01,Medium
CUST002591,Rohan Reddy,Chennai,Salary,Mid,2018-01-14,Low
CUST002592,Sonal Chatterjee,Kolkata,Savings,Low,2022-01-15,Low
CUST002593,Nikhil Rao,Surat,Salary,Low,2018-08-25,High
CUST002594,Aarohi Reddy,Bhopal,Savings,Mid,2022-01-21,Low
CUST002595,Ananya Nair,Kanpur,Savings,High,2022-03-26,High
CUST002596,Myra Joshi,Kolkata,Savings,Mid,2018-08-10,High
CUST002597,Ayaan Desai,Mumbai,Salary,Low,2021-01-02,Medium
CUST002598,Anika Gupta,Surat,Savings,Low,2022-06-11,Medium
CUST002599,Diya Joshi,Jaipur,Savings,High,2020-11-24,High
CUST002600,Arjun Kulkarni,Pune,Savings,Low,2020-07-22,Low
CUST002601,Arjun Joshi,Pune,Savings,Low,2020-08-08,High
CUST002602,Priya Rao,Indore,Savings,Low,2017-08-01,Low
CUST002603,Sneha Chatterjee,Bhopal,Salary,High,2017-08-18,Low
CUST002604,Myra Nair,Mumbai,Savings,Low,2018-08-08,Low
CUST002605,Nikhil Kulkarni,Mumbai,Savings,Low,2017-08-18,Low
CUST002606,Aditya Malhotra,Bengaluru,Savings,Mid,2021-02-26,High
CUST002607,Amit Gupta,Nagpur,Salary,High,2020-06-27,Medium
CUST002608,Aadhya Verma,Delhi,Savings,Mid,2019-03-21,Medium
CUST002609,Priya Pillai,Ahmedabad,Salary,Mid,2022-08-06,High
CUST002610,Ishaan Joshi,Bhopal,Salary,Low,2020-08-31,Low
CUST002611,Neha Kapoor,Patna,Savings,Low,2018-11-16,Low
CUST002612,Sonal Chatterjee,Lucknow,Savings,High,2022-11-16,Medium
CUST002613,Priya Kulkarni,Jaipur,Salary,Mid,2019-07-01,Medium
CUST002614,Nikhil Bansal,Ahmedabad,Salary,High,2020-06-02,Medium
CUST002615,Priya Agarwal,Kolkata,Savings,Low,2019-06-03,High
CUST002616,Rohan Rao,Ludhiana,Salary,Mid,2019-01-04,Medium
CUST002617,Priya Bansal,Kanpur,Savings,Low,2018-07-28,Medium
CUST002618,Priya Kapoor,Kolkata,Salary,Mid,2022-06-13,Low
CUST002619,Kavya Malhotra,Delhi,Savings,Mid,2020-09-25,Medium
CUST002620,Anika Agarwal,Ahmedabad,Savings,Low,2021-04-30,Low
CUST002621,Aditya Kulkarni,Kolkata,Savings,Low,2019-10-29,Low
CUST002622,Anika Malhotra,Surat,Savings,Mid,2018-09-04,High
CUST002623,Aarav Sharma,Chennai,Savings,Low,2017-12-05,Medium
CUST002624,Riya Singh,Patna,Salary,Low,2021-07-26,Low
CUST002625,Rahul Joshi,Surat,Salary,Premium,2020-02-02,Medium
CUST002626,Rahul Verma,Hyderabad,Salary,Mid,2018-03-15,Medium
CUST002627,Krishna Kulkarni,Kanpur,Savings,Mid,2020-12-07,Low
CUST002628,Vivaan Reddy,Hyderabad,Savings,Mid,2020-05-27,High
CUST002629,Riya Sharma,Surat,Salary,Low,2020-05-18,Low
CUST002630,Ayaan Pillai,Lucknow,Savings,Mid,2019-10-01,Medium
CUST002631,Neha Bose,Patna,Savings,Low,2021-08-11,High
CUST002632,Ishaan Kapoor,Kanpur,Savings,Mid,2019-03-08,High
CUST002633,Karan Nair,Vadodara,Savings,High,2018-12-01,Low
CUST002634,Anika Patel,Nagpur,Salary,High,2022-05-01,Low
CUST002635,Anika Pillai,Lucknow,Salary,Low,2021-11-03,Low
CUST002636,Myra Reddy,Kanpur,Savings,Premium,2022-02-05,Medium
CUST002637,Pooja Joshi,Indore,Savings,Mid,2022-06-18,High
CUST002638,Vivaan Joshi,Bengaluru,Savings,Mid,2017-12-09,Low
CUST002639,Aarohi Mehta,Ahmedabad,Savings,Low,2020-06-02,Medium
CUST002640,Diya Kulkarni,Bengaluru,Savings,Low,2020-08-30,Medium
CUST002641,Kavya Kulkarni,Vadodara,Salary,Mid,2018-07-21,Low
CUST002642,Neha Singh,Nagpur,Current,Low,2019-08-24,Low
CUST002643,Rohan Joshi,Chandigarh,Salary,High,2020-06-14,Medium
CUST002644,Rahul Joshi,Chandigarh,Salary,Low,2018-04-20,Medium
CUST002645,Arjun Kulkarni,Chennai,Savings,Mid,2022-03-17,Low
CUST002646,Nikhil Rao,Chandigarh,Savings,Low,2022-03-13,Medium
CUST002647,Neha Kulkarni,Bhopal,Savings,Mid,2022-04-05,Medium
CUST002648,Myra Desai,Kolkata,Current,Mid,2022-09-27,Low
CUST002649,Kavya Chatterjee,Chennai,Savings,Mid,2017-10-02,Medium
CUST002650,Isha Joshi,Hyderabad,Current,High,2022-04-21,Low
CUST002651,Diya Pillai,Hyderabad,Savings,Premium,2021-04-18,Medium
CUST002652,Anika Nair,Delhi,Salary,Low,2022-04-05,Medium
CUST002653,Ishaan Chatterjee,Kanpur,Salary,Mid,2021-03-21,Low
CUST002654,Aarohi Sharma,Surat,Salary,Low,2018-06-26,Medium
CUST002655,Arjun Pillai,Ahmedabad,Savings,Low,2020-07-22,Medium
CUST002656,Sonal Kapoor,Delhi,Savings,Low,2017-12-08,Low
CUST002657,Reyansh Gupta,Surat,Salary,Mid,2018-04-30,High
CUST002658,Aarav Reddy,Chandigarh,Savings,Mid,2019-11-07,High
CUST002659,Aditya Verma,Kanpur,Savings,Mid,2020-07-30,High
CUST002660,Riya Kapoor,Chandigarh,Salary,High,2019-10-01,Medium
CUST002661,Priya Malhotra,Coimbatore,Savings,Low,2018-07-16,Medium
CUST002662,Aarohi Bose,Nagpur,Savings,Low,2022-03-06,Medium
CUST002663,Anika Rao,Ahmedabad,Savings,High,2018-08-26,Medium
CUST002664,Karan Rao,Coimbatore,Salary,High,2022-01-31,Low
CUST002665,Aditya Bose,Lucknow,Savings,Low,2019-03-13,Low
CUST002666,Saanvi Bansal,Ludhiana,Savings,Low,2021-08-13,Medium
CUST002667,Ananya Agarwal,Nagpur,Savings,High,2022-08-31,Medium
CUST002668,Rahul Singh,Coimbatore,Savings,Mid,2019-04-20,High
CUST002669,Neha Gupta,Bengaluru,Savings,Mid,2018-12-15,Medium
CUST002670,Riya Kapoor,Mumbai,Salary,Low,2019-10-10,Low
CUST002671,Rohan Agarwal,Hyderabad,Savings,High,2022-06-11,Medium
CUST002672,Isha Agarwal,Kolkata,Salary,Low,2019-09-08,Medium
CUST002673,Riya Kulkarni,Delhi,Salary,Mid,2021-11-10,Medium
CUST002674,Anika Sharma,Chandigarh,Savings,High,2022-03-31,High
CUST002675,Sai Sharma,Patna,Savings,High,2021-05-18,Low
CUST002676,Ayaan Pillai,Kolkata,Salary,Mid,2020-06-06,Low
CUST002677,Sneha Agarwal,Bengaluru,Salary,Mid,2019-07-09,Medium
CUST002678,Aadhya Pillai,Lucknow,Savings,Mid,2022-09-01,Low
CUST002679,Neha Sharma,Chandigarh,Savings,High,2021-01-05,Low
CUST002680,Sai Joshi,Indore,Savings,High,2022-10-14,High
CUST002681,Ananya Bansal,Bhopal,Savings,Premium,2021-06-24,Low
CUST002682,Vihaan Reddy,Bengaluru,Savings,High,2019-11-19,Low
CUST002683,Ishaan Nair,Chennai,Savings,High,2021-11-23,High
CUST002684,Amit Iyer,Jaipur,Savings,Low,2022-01-21,Low
CUST002685,Saanvi Gupta,Surat,Salary,Premium,2022-08-04,High
CUST002686,Ananya Gupta,Ludhiana,Savings,Mid,2022-10-08,Low
CUST002687,Ishaan Bansal,Delhi,Salary,Mid,2022-05-14,Medium
CUST002688,Arjun Joshi,Lucknow,Current,Low,2017-11-30,Low
CUST002689,Krishna Bansal,Lucknow,Savings,Premium,2017-08-22,Medium
CUST002690,Vivaan Mehta,Hyderabad,Savings,Low,2021-07-30,Medium
CUST002691,Riya Patel,Ludhiana,Savings,Mid,2020-02-27,Medium
CUST002692,Amit Kulkarni,Bhopal,Salary,Mid,2020-10-05,Low
CUST002693,Krishna Verma,Hyderabad,Salary,Mid,2021-02-19,Medium
CUST002694,Kavya Joshi,Coimbatore,Savings,Mid,2022-07-21,Low
CUST002695,Aarav Joshi,Chandigarh,Savings,Low,2019-05-15,Medium
CUST002696,Sonal Sharma,Pune,Current,Mid,2021-05-30,Medium
CUST002697,Riya Reddy,Patna,Salary,Low,2021-07-16,High
CUST002698,Rohan Nair,Patna,Salary,Mid,2021-03-19,High
CUST002699,Saanvi Rao,Vadodara,Current,Mid,2022-06-14,Low
CUST002700,Reyansh Nair,Bhopal,Savings,Low,2020-10-29,Medium
CUST002701,Sai Patel,Patna,Current,High,2019-11-28,Medium
CUST002702,Sonal Agarwal,Indore,Salary,Low,2020-05-21,Medium
CUST002703,Aarav Rao,Delhi,Savings,Low,2017-07-13,Medium
CUST002704,Ishaan Gupta,Ludhiana,Savings,High,2022-12-01,Medium
CUST002705,Sonal Desai,Delhi,Salary,Premium,2021-05-22,Medium
CUST002706,Krishna Bansal,Ludhiana,Salary,Low,2020-12-13,Low
CUST002707,Riya Kulkarni,Kolkata,Savings,Low,2021-05-05,Low
CUST002708,Sai Agarwal,Delhi,Savings,Mid,2019-10-06,Medium
CUST002709,Ishaan Iyer,Bengaluru,Savings,Low,2020-09-14,Low
CUST002710,Pooja Nair,Hyderabad,Salary,Premium,2018-11-09,Low
CUST002711,Krishna Joshi,Patna,Salary,High,2021-09-27,High
CUST002712,Anika Malhotra,Ludhiana,Salary,Mid,2017-12-18,Low
CUST002713,Rohan Singh,Lucknow,Current,Mid,2018-09-13,Medium
CUST002714,Krishna Patel,Coimbatore,Savings,Low,2019-03-17,Medium
CUST002715,Ananya Mehta,Lucknow,Savings,Mid,2020-05-05,High
CUST002716,Ananya Sharma,Ludhiana,Savings,Low,2017-10-18,High
CUST002717,Rohan Sharma,Ahmedabad,Savings,Low,2019-07-05,Medium
CUST002718,Aarav Sharma,Chandigarh,Savings,High,2019-02-24,High
CUST002719,Saanvi Agarwal,Chennai,Savings,High,2017-11-25,Medium
CUST002720,Amit Bansal,Chandigarh,Savings,Mid,2019-11-26,Medium
CUST002721,Sneha Iyer,Bengaluru,Savings,Premium,2019-11-25,Medium
CUST002722,Priya Rao,Mumbai,Savings,Mid,2019-02-25,Medium
CUST002723,Diya Bansal,Hyderabad,Salary,Low,2018-04-13,Medium
CUST002724,Diya Bansal,Ludhiana,Salary,Low,2021-12-05,High
CUST002725,Vihaan Rao,Mumbai,Savings,Mid,2020-11-04,Medium
CUST002726,Myra Sharma,Kolkata,Savings,Low,2021-09-05,Medium
CUST002727,Amit Singh,Mumbai,Savings,Low,2019-02-08,Low
CUST002728,Reyansh Iyer,Kanpur,Savings,Low,2018-05-06,High
CUST002729,Rohan Kapoor,Ludhiana,Savings,Low,2018-05-22,Low
CUST002730,Ayaan Desai,Pune,Savings,Premium,2020-11-19,Medium
CUST002731,Krishna Desai,Delhi,Savings,High,2017-11-06,Medium
CUST002732,Reyansh Sharma,Ludhiana,Savings,Low,2021-10-27,Medium
CUST002733,Vihaan Singh,Nagpur,Savings,Mid,2019-09-24,Medium
CUST002734,Aarohi Gupta,Bhopal,Savings,Low,2019-10-29,Medium
CUST002735,Karan Pillai,Kolkata,Savings,Premium,2019-02-25,Medium
CUST002736,Riya Gupta,Ludhiana,Savings,Low,2022-07-22,Low
CUST002737,Arjun Iyer,Vadodara,Savings,Low,2022-03-17,Low
CUST002738,Sonal Pillai,Jaipur,Savings,High,2018-02-14,Medium
CUST002739,Priya Kulkarni,Pune,Savings,Mid,2018-11-01,Medium
CUST002740,Reyansh Sharma,Jaipur,Savings,Low,2019-01-13,Medium
CUST002741,Isha Singh,Patna,Savings,High,2019-02-07,Low
CUST002742,Priya Rao,Patna,Savings,High,2022-11-28,Medium
CUST002743,Rohan Verma,Indore,Savings,Mid,2018-02-18,Medium
CUST002744,Saanvi Joshi,Lucknow,Savings,Mid,2021-05-20,Medium
CUST002745,Karan Kulkarni,Hyderabad,Salary,High,2020-04-21,Low
CUST002746,Diya Kulkarni,Chandigarh,Salary,Mid,2018-08-31,Medium
CUST002747,Priya Patel,Delhi,Savings,Mid,2022-08-28,Medium
CUST002748,Sonal Joshi,Jaipur,Savings,Mid,2019-12-08,Medium
CUST002749,Ananya Sharma,Coimbatore,Salary,Low,2020-09-21,Low
CUST002750,Ananya Iyer,Kolkata,Current,Mid,2017-12-26,Medium
CUST002751,Sneha Sharma,Vadodara,Current,Premium,2018-10-14,Low
CUST002752,Nikhil Joshi,Pune,Savings,Mid,2017-07-20,High
CUST002753,Sonal Patel,Bengaluru,Current,Low,2021-10-25,Medium
CUST002754,Ananya Kapoor,Chennai,Savings,High,2022-07-27,Low
CUST002755,Aarav Desai,Hyderabad,Savings,High,2020-07-01,High
CUST002756,Riya Malhotra,Mumbai,Salary,Low,2018-03-17,Medium
CUST002757,Ayaan Reddy,Jaipur,Salary,Mid,2020-04-07,Medium
CUST002758,Ananya Verma,Pune,Savings,Low,2018-04-25,Medium
CUST002759,Anika Patel,Lucknow,Salary,Mid,2017-08-18,Medium
CUST002760,Amit Bose,Bengaluru,Savings,Mid,2019-06-13,Low
CUST002761,Amit Reddy,Coimbatore,Current,Low,2019-06-01,High
CUST002762,Riya Reddy,Coimbatore,Salary,Low,2022-06-10,High
CUST002763,Sonal Verma,Delhi,Savings,Mid,2020-10-21,Low
CUST002764,Priya Iyer,Lucknow,Current,Mid,2018-07-14,Medium
CUST002765,Vivaan Rao,Ahmedabad,Savings,Low,2022-08-12,Medium
CUST002766,Isha Joshi,Surat,Salary,High,2022-07-21,Medium
CUST002767,Karan Verma,Hyderabad,Salary,Low,2019-10-14,Medium
CUST002768,Ishaan Bansal,Delhi,Salary,Low,2020-09-01,Low
CUST002769,Isha Joshi,Hyderabad,Savings,Low,2021-08-12,Low
CUST002770,Sneha Bose,Ludhiana,Savings,Low,2022-11-11,Medium
CUST002771,Aadhya Rao,Coimbatore,Savings,Mid,2018-06-18,Low
CUST002772,Priya Bose,Indore,Savings,Mid,2019-06-13,Low
CUST002773,Ananya Sharma,Hyderabad,Salary,High,2020-05-17,High
CUST002774,Ananya Pillai,Bhopal,Savings,Mid,2021-11-03,Medium
CUST002775,Vihaan Sharma,Hyderabad,Savings,Low,2019-08-02,Low
CUST002776,Riya Mehta,Bengaluru,Savings,High,2017-11-06,High
CUST002777,Arjun Kulkarni,Vadodara,Savings,High,2021-06-26,Medium
CUST002778,Saanvi Desai,Kanpur,Salary,Mid,2018-11-09,Medium
CUST002779,Myra Gupta,Ludhiana,Savings,High,2021-07-23,High
CUST002780,Sneha Verma,Ahmedabad,Savings,Mid,2022-08-01,Medium
CUST002781,Ishaan Pillai,Ahmedabad,Salary,High,2020-06-23,Low
CUST002782,Rohan Chatterjee,Bhopal,Current,Mid,2021-03-05,Medium
CUST002783,Priya Agarwal,Vadodara,Savings,High,2018-07-28,Medium
CUST002784,Arjun Desai,Ahmedabad,Salary,Mid,2021-03-10,Low
CUST002785,Ananya Kapoor,Ludhiana,Savings,High,2020-11-07,Low
CUST002786,Anika Pillai,Mumbai,Savings,Low,2019-03-27,Medium
CUST002787,Vivaan Patel,Ahmedabad,Savings,Low,2020-01-29,High
CUST002788,Neha Verma,Patna,Savings,Low,2020-07-21,Medium
CUST002789,Reyansh Mehta,Kanpur,Salary,Mid,2019-05-01,Medium
CUST002790,Sneha Iyer,Kolkata,Salary,High,2021-01-02,Low
CUST002791,Karan Desai,Kolkata,Savings,Low,2019-01-10,Medium
CUST002792,Isha Malhotra,Coimbatore,Salary,High,2018-02-22,Medium
CUST002793,Riya Malhotra,Vadodara,Savings,Low,2019-06-20,Medium
CUST002794,Saanvi Malhotra,Surat,Savings,Mid,2022-01-04,Low
CUST002795,Myra Verma,Hyderabad,Salary,Mid,2020-02-21,Low
CUST002796,Sonal Sharma,Pune,Current,Mid,2019-05-04,Medium
CUST002797,Nikhil Patel,Pune,Savings,Mid,2020-04-21,Medium
CUST002798,Reyansh Patel,Ludhiana,Current,Low,2020-03-23,Medium
CUST002799,Sneha Bansal,Lucknow,Salary,High,2021-10-08,Medium
CUST002800,Sai Sharma,Nagpur,Salary,Mid,2020-11-19,High
CUST002801,Aditya Chatterjee,Mumbai,Current,Mid,2022-10-02,Medium
CUST002802,Vihaan Nair,Patna,Savings,Mid,2021-04-16,Low
CUST002803,Reyansh Pillai,Coimbatore,Savings,Low,2017-10-20,Medium
CUST002804,Vivaan Sharma,Kanpur,Savings,Mid,2021-10-21,High
CUST002805,Ishaan Gupta,Kolkata,Savings,Mid,2021-09-10,Low
CUST002806,Rahul Gupta,Jaipur,Salary,Low,2021-01-06,Medium
CUST002807,Ayaan Gupta,Patna,Savings,High,2021-10-27,Medium
CUST002808,Sai Singh,Mumbai,Savings,Low,2017-10-24,Low
CUST002809,Aarav Nair,Hyderabad,Savings,Low,2020-10-17,Low
CUST002810,Ananya Mehta,Hyderabad,Savings,Premium,2021-03-18,Low
CUST002811,Ayaan Chatterjee,Coimbatore,Salary,Low,2018-05-20,Low
CUST002812,Karan Gupta,Kanpur,Current,High,2017-08-23,Low
CUST002813,Sneha Bose,Bhopal,Savings,Mid,2017-12-23,Medium
CUST002814,Priya Iyer,Indore,Savings,Mid,2022-04-04,Low
CUST002815,Priya Nair,Ahmedabad,Savings,Mid,2018-06-19,Low
CUST002816,Reyansh Agarwal,Kolkata,Salary,Mid,2020-10-19,High
CUST002817,Ananya Bose,Kanpur,Salary,Low,2020-07-06,Medium
CUST002818,Sonal Verma,Pune,Salary,Low,2018-08-23,Medium
CUST002819,Riya Mehta,Ludhiana,Savings,Premium,2018-02-17,Medium
CUST002820,Ishaan Nair,Patna,Current,Mid,2021-01-30,Medium
CUST002821,Vivaan Singh,Pune,Current,Premium,2018-01-10,Low
CUST002822,Neha Kulkarni,Ahmedabad,Current,High,2019-08-24,Low
CUST002823,Reyansh Iyer,Chandigarh,Savings,Mid,2018-07-10,Low
CUST002824,Sneha Bose,Chandigarh,Savings,Low,2022-07-23,Low
CUST002825,Anika Bansal,Chennai,Savings,Mid,2018-09-16,High
CUST002826,Diya Desai,Bhopal,Savings,High,2020-01-05,Medium
CUST002827,Sai Malhotra,Coimbatore,Current,Mid,2018-12-04,Low
CUST002828,Anika Desai,Kanpur,Current,Low,2018-11-28,High
CUST002829,Aarohi Singh,Chandigarh,Salary,High,2019-08-30,Low
CUST002830,Rohan Pillai,Nagpur,Savings,Mid,2019-04-12,Low
CUST002831,Reyansh Patel,Delhi,Savings,High,2017-11-26,Medium
CUST002832,Myra Patel,Kolkata,Savings,Premium,2020-09-13,High
CUST002833,Ishaan Joshi,Kolkata,Salary,Premium,2017-12-08,Low
CUST002834,Riya Gupta,Nagpur,Savings,Low,2017-09-04,Medium
CUST002835,Krishna Agarwal,Kanpur,Current,Low,2022-06-12,Low
CUST002836,Amit Iyer,Ahmedabad,Savings,High,2021-04-07,Medium
CUST002837,Anika Chatterjee,Coimbatore,Savings,High,2021-08-18,Low
CUST002838,Vivaan Rao,Vadodara,Salary,Mid,2020-01-18,Medium
CUST002839,Ananya Joshi,Ludhiana,Savings,Low,2020-05-23,High
CUST002840,Saanvi Joshi,Coimbatore,Savings,Premium,2020-11-10,High
CUST002841,Ananya Singh,Chandigarh,Savings,Mid,2020-10-10,Low
CUST002842,Sai Rao,Mumbai,Savings,Mid,2021-08-11,Low
CUST002843,Rohan Iyer,Jaipur,Salary,Mid,2020-11-27,Medium
CUST002844,Ishaan Kulkarni,Bengaluru,Current,Mid,2020-01-17,Low
CUST002845,Rohan Iyer,Patna,Salary,Mid,2018-07-07,Medium
CUST002846,Sonal Patel,Jaipur,Savings,Low,2022-05-15,High
CUST002847,Aditya Chatterjee,Hyderabad,Salary,Mid,2022-09-15,Medium
CUST002848,Reyansh Malhotra,Patna,Salary,Mid,2021-10-26,Medium
CUST002849,Krishna Kapoor,Lucknow,Savings,Mid,2018-09-28,High
CUST002850,Reyansh Bose,Jaipur,Savings,Mid,2022-02-23,Low
CUST002851,Sonal Singh,Patna,Savings,High,2022-11-15,Medium
CUST002852,Ishaan Chatterjee,Surat,Savings,Mid,2018-07-13,Medium
CUST002853,Aadhya Pillai,Nagpur,Salary,Low,2018-09-03,Medium
CUST002854,Aarohi Kulkarni,Mumbai,Savings,High,2018-08-27,High
CUST002855,Neha Bansal,Ahmedabad,Salary,Mid,2021-08-23,Medium
CUST002856,Rahul Mehta,Pune,Current,Mid,2020-04-05,High
CUST002857,Anika Pillai,Pune,Savings,Mid,2018-07-07,Medium
CUST002858,Amit Rao,Patna,Savings,Mid,2018-11-14,Low
CUST002859,Ananya Iyer,Coimbatore,Savings,High,2021-03-01,Medium
CUST002860,Saanvi Joshi,Kolkata,Savings,Low,2021-09-29,Low
CUST002861,Myra Agarwal,Coimbatore,Salary,Low,2022-10-02,High
CUST002862,Arjun Pillai,Kanpur,Savings,Low,2018-01-08,Medium
CUST002863,Ishaan Sharma,Ahmedabad,Salary,High,2020-02-13,Medium
CUST002864,Ananya Patel,Kanpur,Salary,Mid,2020-07-27,Low
CUST002865,Karan Bansal,Indore,Current,Mid,2018-08-23,Medium
CUST002866,Ishaan Malhotra,Patna,Savings,Mid,2019-08-18,Medium
CUST002867,Riya Verma,Mumbai,Salary,Mid,2017-10-01,Medium
CUST002868,Arjun Malhotra,Ahmedabad,Salary,High,2019-09-26,Low
CUST002869,Sonal Bose,Ludhiana,Savings,Mid,2019-09-14,Medium
CUST002870,Aadhya Mehta,Nagpur,Salary,Low,2017-08-08,High
CUST002871,Aditya Agarwal,Nagpur,Current,Mid,2020-10-02,High
CUST002872,Aarohi Reddy,Kolkata,Savings,Low,2021-01-28,High
CUST002873,Myra Kapoor,Vadodara,Savings,Premium,2022-05-26,Low
CUST002874,Vihaan Agarwal,Chennai,Current,Low,2021-12-04,Low
CUST002875,Pooja Bose,Delhi,Salary,Mid,2020-03-07,Low
CUST002876,Sai Mehta,Mumbai,Savings,Mid,2022-07-13,High
CUST002877,Ishaan Mehta,Nagpur,Salary,Low,2021-08-12,Medium
CUST002878,Karan Kulkarni,Surat,Savings,Low,2022-07-12,Medium
CUST002879,Vivaan Chatterjee,Coimbatore,Salary,Low,2020-01-06,High
CUST002880,Sai Malhotra,Mumbai,Salary,Mid,2018-02-06,Medium
CUST002881,Aadhya Gupta,Indore,Savings,High,2022-04-20,Low
CUST002882,Kavya Joshi,Ahmedabad,Savings,Low,2020-03-28,Medium
CUST002883,Aadhya Mehta,Bengaluru,Savings,Mid,2022-03-11,Medium
CUST002884,Ishaan Joshi,Kolkata,Savings,Low,2018-05-02,Medium
CUST002885,Sai Bose,Chandigarh,Salary,Low,2019-09-12,Medium
CUST002886,Riya Mehta,Surat,Savings,Mid,2020-02-07,Low
CUST002887,Krishna Mehta,Coimbatore,Salary,Low,2022-11-17,Medium
CUST002888,Myra Iyer,Ahmedabad,Savings,Mid,2018-04-19,Medium
CUST002889,Isha Patel,Nagpur,Salary,Mid,2019-12-22,Medium
CUST002890,Sonal Pillai,Lucknow,Savings,Low,2017-12-28,High
CUST002891,Myra Rao,Chandigarh,Savings,Premium,2019-09-10,Medium
CUST002892,Rahul Iyer,Delhi,Savings,Low,2021-04-22,Medium
CUST002893,Diya Kapoor,Coimbatore,Salary,Low,2020-09-23,Medium
CUST002894,Pooja Gupta,Ludhiana,Savings,Low,2020-08-04,High
CUST002895,Sai Bose,Pune,Salary,Low,2018-10-23,Medium
CUST002896,Myra Bansal,Indore,Savings,Mid,2017-10-24,Low
CUST002897,Nikhil Pillai,Chennai,Savings,Low,2022-05-21,Medium
CUST002898,Nikhil Verma,Nagpur,Savings,Mid,2021-07-30,Low
CUST002899,Krishna Agarwal,Chennai,Salary,Mid,2021-04-14,High
CUST002900,Nikhil Mehta,Bengaluru,Savings,Mid,2017-10-28,Medium
CUST002901,Saanvi Agarwal,Chandigarh,Salary,Premium,2022-03-29,Medium
CUST002902,Aditya Reddy,Kanpur,Savings,Low,2020-02-03,Medium
CUST002903,Saanvi Rao,Lucknow,Savings,High,2021-12-30,Low
CUST002904,Reyansh Kulkarni,Jaipur,Salary,High,2022-09-02,Low
CUST002905,Aarav Iyer,Coimbatore,Savings,Mid,2019-05-04,High
CUST002906,Aadhya Malhotra,Coimbatore,Savings,High,2018-09-27,Medium
CUST002907,Neha Mehta,Nagpur,Savings,High,2020-09-11,Medium
CUST002908,Aarav Singh,Delhi,Savings,High,2022-04-12,Medium
CUST002909,Ananya Rao,Ahmedabad,Salary,High,2020-03-15,Medium
CUST002910,Aditya Iyer,Coimbatore,Savings,Low,2019-11-05,Low
CUST002911,Nikhil Rao,Pune,Salary,Low,2022-02-18,Low
CUST002912,Pooja Singh,Chandigarh,Savings,Mid,2018-03-15,High
CUST002913,Sai Sharma,Chennai,Savings,Mid,2019-07-08,Low
CUST002914,Sai Kapoor,Hyderabad,Salary,Mid,2022-03-23,Medium
CUST002915,Rahul Bansal,Patna,Savings,Mid,2021-12-23,Medium
CUST002916,Karan Sharma,Bengaluru,Savings,Mid,2019-02-14,Low
CUST002917,Arjun Rao,Jaipur,Savings,Low,2020-11-29,Medium
CUST002918,Reyansh Verma,Chennai,Savings,Low,2017-11-30,Low
CUST002919,Reyansh Rao,Patna,Salary,Premium,2019-01-06,Low
CUST002920,Pooja Kulkarni,Delhi,Savings,Low,2019-04-30,Medium
CUST002921,Aadhya Kapoor,Hyderabad,Salary,Low,2020-06-06,Medium
CUST002922,Isha Sharma,Delhi,Savings,High,2022-08-25,High
CUST002923,Amit Mehta,Nagpur,Savings,High,2017-09-17,Medium
CUST002924,Diya Patel,Pune,Savings,Low,2021-10-19,Low
CUST002925,Aarav Joshi,Bengaluru,Savings,Mid,2022-10-06,High
CUST002926,Ananya Mehta,Mumbai,Current,Low,2019-02-09,Low
CUST002927,Ayaan Reddy,Bengaluru,Savings,High,2018-06-14,Low
CUST002928,Rahul Gupta,Chennai,Savings,High,2022-09-03,Medium
CUST002929,Anika Reddy,Indore,Savings,Mid,2018-05-07,Medium
CUST002930,Ananya Agarwal,Lucknow,Savings,High,2019-05-29,Medium
CUST002931,Isha Mehta,Kolkata,Savings,High,2017-09-06,Low
CUST002932,Aadhya Joshi,Patna,Savings,High,2022-03-30,Medium
CUST002933,Reyansh Reddy,Pune,Savings,Low,2020-12-02,Low
CUST002934,Sai Sharma,Lucknow,Salary,Mid,2020-08-31,Low
CUST002935,Aarav Bansal,Lucknow,Current,Mid,2021-09-23,Medium
CUST002936,Ayaan Iyer,Coimbatore,Savings,High,2019-03-26,Medium
CUST002937,Rohan Bose,Jaipur,Savings,Low,2020-11-07,Low
CUST002938,Aditya Mehta,Delhi,Salary,Mid,2020-08-13,Medium
CUST002939,Amit Bose,Surat,Salary,Mid,2020-02-13,Medium
CUST002940,Nikhil Agarwal,Hyderabad,Salary,Mid,2018-06-26,Medium
CUST002941,Sai Singh,Vadodara,Current,Low,2017-07-17,Low
CUST002942,Isha Malhotra,Hyderabad,Salary,Low,2019-05-20,Medium
CUST002943,Karan Nair,Nagpur,Savings,Mid,2021-01-21,Medium
CUST002944,Rohan Malhotra,Chennai,Savings,Low,2018-02-23,Medium
CUST002945,Aditya Malhotra,Chandigarh,Savings,High,2022-10-27,High
CUST002946,Sonal Pillai,Ludhiana,Savings,Low,2020-05-27,Medium
CUST002947,Anika Patel,Nagpur,Savings,Premium,2020-02-05,Medium
CUST002948,Nikhil Sharma,Vadodara,Savings,High,2021-08-13,High
CUST002949,Isha Reddy,Mumbai,Salary,Low,2021-03-10,High
CUST002950,Rahul Joshi,Pune,Savings,Mid,2018-09-04,Low
CUST002951,Isha Iyer,Pune,Savings,Premium,2022-08-02,Low
CUST002952,Diya Desai,Ahmedabad,Savings,Mid,2021-04-04,Low
CUST002953,Arjun Bansal,Kolkata,Savings,Low,2021-10-10,Medium
CUST002954,Ayaan Bose,Delhi,Savings,Mid,2017-08-13,High
CUST002955,Rahul Malhotra,Coimbatore,Salary,High,2022-03-03,Low
CUST002956,Ananya Verma,Jaipur,Savings,Mid,2020-01-01,Medium
CUST002957,Rohan Kapoor,Indore,Savings,Mid,2018-09-17,High
CUST002958,Ayaan Malhotra,Mumbai,Salary,Low,2020-12-31,Low
CUST002959,Reyansh Agarwal,Pune,Savings,Premium,2022-08-14,Low
CUST002960,Sneha Patel,Pune,Savings,Low,2019-07-06,Low
CUST002961,Anika Malhotra,Nagpur,Savings,Mid,2021-11-22,Low
CUST002962,Rohan Sharma,Coimbatore,Salary,Low,2022-07-23,Medium
CUST002963,Aditya Mehta,Chandigarh,Salary,High,2022-08-18,Medium
CUST002964,Reyansh Nair,Ahmedabad,Savings,Low,2022-05-29,High
CUST002965,Riya Agarwal,Chennai,Savings,Premium,2018-04-05,Low
CUST002966,Ayaan Kulkarni,Kolkata,Savings,Low,2022-06-25,Medium
CUST002967,Rahul Rao,Indore,Current,Low,2021-03-05,Medium
CUST002968,Rahul Mehta,Chennai,Salary,High,2021-07-19,Medium
CUST002969,Sai Bose,Indore,Salary,Mid,2021-07-11,Medium
CUST002970,Ishaan Pillai,Surat,Salary,Mid,2020-05-28,High
CUST002971,Krishna Desai,Kolkata,Salary,High,2022-06-22,High
CUST002972,Aadhya Bansal,Kanpur,Savings,Low,2021-12-24,Medium
CUST002973,Myra Joshi,Chandigarh,Salary,Mid,2020-02-02,Medium
CUST002974,Rahul Joshi,Ludhiana,Savings,Mid,2018-08-28,Low
CUST002975,Pooja Desai,Ahmedabad,Salary,Mid,2022-10-23,Low
CUST002976,Saanvi Iyer,Nagpur,Salary,Mid,2018-08-31,Low
CUST002977,Isha Agarwal,Surat,Current,Low,2022-01-24,Medium
CUST002978,Rahul Gupta,Patna,Savings,Low,2021-06-24,Medium
CUST002979,Myra Kapoor,Nagpur,Salary,Mid,2020-05-18,Low
CUST002980,Aadhya Agarwal,Surat,Savings,High,2019-07-10,Medium
CUST002981,Aditya Malhotra,Chandigarh,Savings,Mid,2022-02-26,High
CUST002982,Reyansh Nair,Chandigarh,Savings,Premium,2017-10-13,High
CUST002983,Aarav Sharma,Kolkata,Current,High,2018-02-02,Low
CUST002984,Rahul Chatterjee,Bhopal,Savings,Mid,2020-03-01,High
CUST002985,Sonal Joshi,Nagpur,Salary,Low,2017-08-25,Medium
CUST002986,Rahul Chatterjee,Nagpur,Salary,Low,2020-10-07,High
CUST002987,Ishaan Pillai,Chandigarh,Salary,Mid,2022-07-10,Low
CUST002988,Priya Verma,Indore,Savings,Mid,2017-10-02,Low
CUST002989,Aadhya Pillai,Hyderabad,Salary,Mid,2022-01-04,Medium
CUST002990,Amit Joshi,Kolkata,Salary,High,2017-07-21,Low
CUST002991,Amit Chatterjee,Jaipur,Salary,Low,2020-01-24,Low
CUST002992,Rohan Chatterjee,Chandigarh,Savings,Low,2019-01-06,Medium
CUST002993,Rohan Bansal,Delhi,Salary,Low,2017-09-22,Medium
CUST002994,Rahul Patel,Indore,Salary,Low,2021-07-24,Medium
CUST002995,Vivaan Chatterjee,Chandigarh,Salary,Mid,2019-05-20,Low
CUST002996,Nikhil Nair,Mumbai,Savings,Mid,2021-06-15,High
CUST002997,Myra Nair,Ludhiana,Salary,High,2021-06-30,Low
CUST002998,Isha Pillai,Pune,Savings,Low,2017-08-01,Medium
CUST002999,Aarav Reddy,Chennai,Savings,Low,2018-08-07,Low
CUST003000,Rohan Bansal,Bengaluru,Savings,Premium,2020-09-09,High
